jev promises (advisory) — core: 763 test titles, 764 README candidates

  ✓ a destructured operation logger stays the same and sends every level in order  ← A destructured operation logger stays the same and sends every level i… (100%)
  ✓ a destructured resource logger stays the same and keeps the level threshold  ← A destructured resource logger stays the same and keeps the level thre… (100%)
  ✓ a resource keeps its observation tools and exports manual events and children  ← A resource keeps its observation tools and exports manual events and c… (100%)
  ✓ a caught operation raise carries its span before the body reads observation tools  ← A caught operation raise carries its span before the body reads observ… (100%)
  ✓ a caught resource raise carries its span before the factory reads observation tools  ← A caught resource raise carries its span before the factory reads obse… (100%)
  ✓ a cached resource resolve allocates no promise on the hot path  ← `scope.resolve` reads a cell's current value with no subscription, bui… (51%)
  ✓ a call signal stops a run hook before it can start the body  ← An already aborted call starts no body, parse, resource, or hook.… (71%)
  ✓ a call signal stops a session hook before it can start the body  ← An already aborted call starts no body, parse, resource, or hook.… (72%)
  ✓ a signalled run keeps hook access alive through graceful close  ← Graceful close keeps active run-hook access alive until the hook ends.… (97%)
  ? a write hook shares the call signal with its active body  — no README line (50%, unsure)
  ? an already aborted call starts no body and leaves its caller alive  — no README line (40%, unsure)
  ✓ a call signal stops a nested wait before the retry clock advances  ← This also stops waits, such as retry sleeps, that use `ctx.signal`.… (85%)
  ? a cancelled call waits for its cleanup before it settles  — no README line (41%, unsure)
  ✓ a distinct error after call cancellation remains a handled failure  ← A different error after abort still returns `failed`.… (97%)
  ✓ a call signal gives sync inline work its own data and session resource lifetime  ← Run and session hooks share the call's lifetime.… (42%)
  ✓ a signalled call keeps input parsing, tags, and its namespace  ← A call keeps its input parsing, tags, and namespace.… (97%)
  ✓ a synchronous body sees call cancellation with the exact reason  ← A call stopped by its signal preserves the exact `signal.reason`.… (81%)
  ✓ abort during tag-list setup cannot slip past call cancellation  ← An abort before or during start waits for start to end.… (33%)
  ✓ graceful owner close still permits cancellation of an active call  ← A call signal can still stop work while its owner closes gracefully.… (99%)
  ✓ forced owner close cancels a call even when its supplied signal stays live  ← Forced owner close stops the child even if the call signal stays live.… (97%)
  ✓ a graceful parent close keeps success when a running tagged subflow's managed error is caught  ← A graceful parent close stays successful when a still-running tagged s… (99%)
  ✓ a subflow failure that escapes its caller fails the session  ← A subflow failure that escapes its caller fails the session with that … (100%)
  ✓ an unreceived subflow that fails after its caller returns fails the session  ← An orphan fails the session: its subflow failed after the caller finis… (98%)
  ✓ an awaited catch of a managed subflow error leaves the session successful  ← An awaited catch of a managed subflow error leaves the session success… (100%)
  ✓ catch after finally receives the managed subflow error  ← An awaited catch after finally receives a managed subflow error and le… (92%)
  ✓ a then rejection handler receives the managed subflow error  ← An awaited then rejection handler receives a managed subflow error and… (92%)
  ✓ an awaited catch after fulfillment-only then receives the managed subflow error  ← An awaited catch after fulfillment-only then receives a managed subflo… (83%)
  ✓ a managed subflow error caught in an operation defer does not fail the session  ← A managed subflow error awaited and caught inside an operation defer d… (97%)
  ✓ a returned managed subflow error received by an outer caller does not fail the session  ← Returning a subflow promise to an outer caller that awaits and catches… (78%)
  ✓ Promise.all receives both managed subflow errors when its caller catches them  ← Promise.all receives both managed subflow errors; a caller that catche… (81%)
  ✓ a handler attached by a later timer cannot undo an unreceived failure  ← A handler added from a later timer cannot undo an unreceived failure a… (90%)
  ✓ a caught subflow closes its own span failed and its caller span ok  ← A failed subflow's span keeps its error when caught, while its caller'… (99%)
  ✓ a forced close after a caught managed subflow error cancels the session  ← A forced close after a caught managed subflow error cancels the sessio… (98%)
  ✓ a controller subflow's managed error caught by its caller leaves the session successful  ← A controller subflow's managed error caught by its caller leaves the s… (100%)
  ? an unreceived controller subflow fails its session  — no README line (55%, unsure)
  ✓ an unreceived tagged subflow fails its parent session  ← A tagged orphan fails its parent session.… (52%)
  ✓ a catch after its caller returns does not undo an orphan failure  ← A catch after its caller returns does not undo an orphan failure.… (100%)
  ✓ an orphan reports the original failure once  ← An orphan reports the original failure once on its own span.… (99%)
  ✓ an async subflow that succeeds exports an ok span  ← An async subflow that succeeds exports an ok span.… (100%)
  ✓ a caught managed error two subflows deep does not fail the session  ← A caller two subflows deep can catch a managed error without failing t… (92%)
  ✓ a test-clock sleep with an already-aborted signal rejects with the abort reason  ← A sleep with an already-aborted signal rejects with the abort reason, … (96%)
  ✓ a system-clock sleep with an already-aborted signal rejects with the abort reason  ← A sleep with an already-aborted signal rejects with the abort reason, … (88%)
  ✓ the system clock's nanos advance with wall time  ← The system clock's nanos advance with wall time after a sleep.… (78%)
  ✓ a system-clock sleep with no signal resolves  ← A system-clock sleep with no signal resolves.… (100%)
  ✓ a system-clock sleep with a live signal resolves  ← A system-clock sleep with a live signal resolves.… (100%)
  ✓ due test-clock sleeps wake earliest-first  ← Due test-clock sleeps wake earliest-first.… (100%)
  ✓ a system-clock sleep cleans its timer after an abort  ← A system-clock sleep cleans its timer after an abort.… (100%)
  ✓ a test-clock sleep set into the past wakes at once  ← A test-clock sleep set into the past wakes at once.… (100%)
  ✓ a span's start and end read the scope's test clock  ← Span and log times read the scope's clock, so a test clock freezes the… (96%)
  ✓ a log line's time reads the scope's test clock  ← Span and log times read the scope's clock, so a test clock freezes the… (98%)
  ✓ an explicit observe clock wins over the scope's clock  ← `observe.clock` wins over it.… (91%)
  ✓ an idle session close aborts its resource and session hook closing signals  ← Forced close aborts its signal and prevents a late `next()` from start… (54%)
  ✓ a close hook's first closing read is already aborted  ← A first read after closing began returns an aborted signal.… (78%)
  ✓ closed settles when a session cleanup makes the first root close  ← A release nested inside a release cleanup never hangs close, nor does … (55%)
  ✓ a root without a stop signal closes from a session cleanup  ← A release nested inside a release cleanup never hangs close, nor does … (54%)
  ✓ a graceful root close ends a resource-owned wait before draining work  ← A resource can end a wait it owns without blocking graceful close:… (81%)
  ✓ a graceful session close ends a resource-owned wait before draining work  ← A resource can end a wait it owns without blocking graceful close:… (90%)
  ✓ graceful closing fires now while work and resource cleanup still wait  ← It fires on graceful and forced close, before Core drains running work… (95%)
  ✓ a parent's closing fires in its child before a close hook waits  ← A parent's closing also fires in its child sessions.… (63%)
  ✓ the first closing read after a parent starts closing is already aborted  ← A first read after closing began returns an aborted signal.… (93%)
  ✓ closing one session leaves its parent and sibling closing signals live  ← Closing one session leaves its parent and siblings live.… (91%)
  ✓ forced close still stops work through the work signal and rolls back  ← A forced close aborts in-flight work: a parked op stops, a sleep rejec… (82%)
  ✓ a closing signal first read after close is aborted  ← A first read after closing began returns an aborted signal.… (96%)
  ? a graceful parent close ends a wait inside a running session body  — no README line (54%, unsure)
  ✓ run, resolve, and write hooks read their owner's closing signal  ← A signal close runs each hook with `graceful: true`.… (49%)
  ✓ an empty nested list reads frozen  ← An empty nested list reads frozen.… (100%)
  ✓ a data controller get reads the latest write  ← A data controller get reads the latest write.… (100%)
  ✓ a scope with empty tag bindings reads defaults  ← A scope with empty tag bindings reads defaults.… (100%)
  ✓ an operation depending on a non-unit fails with InvalidDependency  ← An operation depending on a non-unit fails with `InvalidDependency`.… (100%)
  ✓ an awaited slow rejection handler receives a managed error while its gate is closed  ← An awaited slow rejection handler receives a managed error and keeps t… (84%)
  ✓ a caller awaiting finally can catch the original managed subflow error  ← A caller awaiting finally can catch the original managed error and lea… (91%)
  ✓ an async subflow returns a native promise that Promise.resolve keeps  ← An async subflow returns a native promise that `Promise.resolve` keeps… (98%)
  ✓ the main entry keeps test helpers in the testing entry  ← The main entry exports no test helpers.… (77%)
  ✓ isError rejects a plain error with no kind  ← `isError` rejects a plain error with no kind.… (100%)
  ✓ isError rejects a real error of the wrong kind  ← `isError` rejects a real error of the wrong kind.… (100%)
  ✓ a tagged run invokes its hook once with the original call  ← A tagged run invokes its `run` hook once with the original call, not a… (100%)
  ✓ a subflow run invokes its hook once  ← A subflow invokes `run` hooks once even when its caller is another ope… (96%)
  ✓ a tagged run in a session invokes its hook once  ← A tagged run invokes its `run` hook once with the original call, not a… (95%)
  ✓ an inline run in a session invokes its hook with the inline config  ← An inline run in a session passes its original inline config to the `r… (97%)
  ✓ a run hook that skips next stops a subflow with its substitute  ← A `run` hook that skips `next()` stops a subflow and returns its subst… (95%)
  ✓ a run hook that throws stops a subflow before its body  ← A `run` hook that throws stops a subflow before its body and throws to… (100%)
  ✓ an async run hook keeps a dropped subflow's rejection on the scope  ← An async `run` hook keeps a dropped subflow's rejection on the scope, … (99%)
  ✓ a namespaced write invokes its hook once  ← A namespaced write invokes the `write` hook once and stores its value … (98%)
  ✓ two run hooks keep registration order on a subflow  ← Two hooks keep registration order for both runs and writes on child la… (70%)
  ✓ two hooks keep registration order on a child layer  ← Two hooks keep registration order for both runs and writes on child la… (72%)
  ? run access follows the session owner and inherited or explicit namespace chain  — no README line (40%, unsure)
  ✓ tagged events use the actual child and fire each hook once  ← A tagged run invokes its `run` hook once with the original call, not a… (77%)
  ✓ write and resolve events bind access and cleanup to their owner  ← Resource reads through a run event retain the selected instance throug… (56%)
  ✓ start and close events share only their own root resource  ← Start and close can resolve a root-owned resource to keep state apart … (55%)
  ✓ hook-started actions share the active trace and run cleanup  ← Run hooks share the run's trace, cancellation, and `defer` cleanup.… (80%)
  ✓ a dropped hook-started action keeps its failure on the owner  ← A hook-started action shares the active trace; a dropped failure stays… (91%)
  ✓ a hook can settle a child failure without failing its owner  ← `event.settle` receives a child failure without failing the owner.… (76%)
  ✓ an event union narrows its payload by kind  ← `event.kind` names the hook and narrows its fields.… (89%)
  ✓ saved controllers stay usable through a waiting hook and its graceful cleanup  ← A waiting hook can still use its saved controllers during graceful clo… (96%)
  ✓ a saved operation settle returns cancellation when its waiting hook is forced closed  ← It returns `cancelled` when a waiting hook is forced closed.… (84%)
  ✓ a saved operation settle returns failed Disposed after its hook ends  ← It returns `failed` with `Disposed` when called after that hook ends.… (96%)
  ✓ concurrent and repeated closes join the same root hook once  ← Concurrent and repeated closes join the same close hook once.… (44%)
  ✓ a hook that returns a substitute still joins its started body  ← A hook that starts `next()` and returns a substitute still owns that b… (90%)
  ✓ resource contexts expose the namespace chain used by their dependencies  ← A resource factory's `ctx.ns` is the chain used for its dependencies.… (94%)
  ✓ a hook can refuse raw input before its parser runs  ← A run hook may refuse raw input before its parser runs.… (97%)
  ✓ catching a body's panic in its hook does not erase the owned failure  ← Catching a body's panic in its hook does not erase the owner's failure… (97%)
  ✓ an unreturned body keeps its span open and records its failure  ← That body keeps its span open until it ends; its failure still marks t… (96%)
  ? a saved event raise keeps one run in the failure path after next  — no README line (56%, unsure)
  ✓ a write chain skips an extension with no write hook  ← A write chain skips an extension with no write hook.… (100%)
  ✓ a write chain that skips still refuses when the writer denies  ← A write chain that skips still refuses when the writer denies.… (100%)
  ✓ three write hooks nest in registration order  ← Three write hooks nest in registration order.… (100%)
  ✓ three resolve hooks nest in registration order  ← Three resolve hooks nest in registration order.… (100%)
  ✓ a scope with no resolve hooks reads straight through  ← A scope with no resolve hooks reads straight through.… (100%)
  ✓ a session chain is installed only when a hook exists  ← A session chain is installed only when a hook exists.… (100%)
  ✓ three run hooks nest in registration order  ← Three run hooks nest in registration order.… (100%)
  ✓ two close hooks nest in registration order  ← Two close hooks nest in registration order.… (100%)
  ✓ a scope with no close hooks closes straight through  ← A scope with no close hooks closes straight through.… (100%)
  ✓ a forced close with a close hook still settles cancelled  ← A forced close with a close hook still settles cancelled.… (100%)
  ✓ a close chain runs past an extension with no close hook  ← A close chain runs past an extension with no close hook.… (100%)
  ✓ a resolve chain runs past an extension with no resolve hook  ← A resolve chain runs past an extension with no resolve hook.… (100%)
  ✓ reads a cell's initial value through the scope seam  ← `scope.resolve` reads a cell's current value with no subscription, bui… (57%)
  ✓ parse transforms the initial before the first read  ← A cell reads its initial value through `parse`, so the first read is a… (96%)
  ✓ set and update are reflected on the next read  ← `set` and `update` show on the next read.… (96%)
  ✓ watch fires once per real change, never on an eq-equal write; unsubscribe stops it  ← A watcher fires once per real change: an equal write fires nothing, an… (100%)
  ✓ a watcher reads the previous value beside the next  ← A watcher sees each next value beside its previous one.… (97%)
  ✓ an invalid write throws DataValidationFailed with a typed payload  ← A write that fails `parse` throws `DataValidationFailed` naming the ce… (40%)
  ✓ a zod schema is a parser as-is: the cell's type is inferred and a bad write carries the issues  ← A write that fails `parse` throws `DataValidationFailed` naming the ce… (41%)
  ✓ an operation's input takes a zod schema and delivers the schema's output  ← a Standard Schema object (zod, valibot, arktype) passed as-is: `input:… (65%)
  ✓ an async schema is refused at the edge with SchemaAsync naming the vendor  ← A schema that answers with a promise is refused with `SchemaAsync { ve… (97%)
  ? an operation parses rawInput into typed input and returns synchronously  — no README line (50%, unsure)
  ✓ read-mode dep delivers the current value; write-mode dep causes an effect  ← A read-mode dep delivers the current value; a write-mode dep hands the… (99%)
  ✓ an operation runs on every run (never memoized)  ← An operation runs on every run; calls are never memoized and concurren… (99%)
  ✓ an operation composes a child operation through its controller  ← An operation composes through its controller, or through a bare dep de… (99%)
  ✓ a bare operation dependency is delivered as a subflow the caller invokes  ← An operation composes through its controller, or through a bare dep de… (98%)
  ? a resource depends on another resource and receives its instance (pool → tx)  — no README line (58%, unsure)
  ✓ a resource dep is built before the body runs, whether or not the body reads it  ← A depended-on resource builds before the body runs, read or not; readi… (99%)
  ✓ an async resource dep is delivered as its value: the body reads it without awaiting  ← An async dependency arrives as its value, read without awaiting; an as… (93%)
  ✓ a run over a still-building async dep waits for the build, then runs with the value  ← An async operation runs to its awaited value.… (56%)
  ✓ a failed async build fails the call before the body runs and stays failed until release  ← A rejected build is sticky: re-resolve returns the same rejection with… (92%)
  ✓ resolve of an async resource keeps returning the same settled promise  ← Concurrent resolves share one in-flight build; later resolves keep the… (98%)
  ⚠ async is typed through the graph: an op over an async resource is an async op  — no README line (95%)
  ✓ a resource dep the factory reads twice builds once and caches (lazy access parity)  ← A depended-on resource builds before the body runs, read or not; readi… (83%)
  ✓ a write through an object inheriting from deps lands on the child, not on deps  ← A child session inherits its parent's cells until it writes its own va… (66%)
  ✓ a required tag reads its binding, or its default when unbound  ← A tag edge reads the nearest binding, in an operation or through the s… (84%)
  ✓ a required tag with no binding and no default throws MissingTag  ← tag's nearest binding, default, or throws `MissingTag`.… (95%)
  ✓ optional reads a bound tag as present  ← `optional` tells absent apart from an undefined default: the default r… (71%)
  ✓ optional reads a missing tag as absent  ← `optional` tells absent apart from an undefined default: the default r… (94%)
  ✓ all returns every binding nearest-first, with no default fallback  ← Resolving a tag edge delivers its form: `all` lists nearest-first, `op… (90%)
  ✓ a tag binding is validated by parse  ← A tag binding runs through `parse`; a bad value throws `DataValidation… (100%)
  ✓ an async operation runs to its awaited value  ← An async operation runs to its awaited value.… (100%)
  ✓ a rejecting async operation rejects with its cause, and settled still drains  ← A rejecting operation rejects with its cause, and `settled` still drai… (99%)
  ✓ dependency snapshots are captured at resolve time, before suspension  ← A dependency snapshot is captured before the body suspends: a later wr… (98%)
  ✓ concurrent calls each keep their own input  ← A call keeps its input parsing, tags, and namespace.… (88%)
  ⚠ concurrent calls finish in release order, not entry order  — no README line (71%)
  ⚠ two scopes read back their own writes  — no README line (85%)
  ✓ a read in flight still sees the snapshot from before a later write  ← A dependency snapshot is captured before the body suspends: a later wr… (98%)
  ✓ settled reports work as pending until it finishes  ← `settled` stays pending until owned work finishes.… (97%)
  ✓ a session inherits its parent's data and tags  ← A child session reads its parent's cells and tags until it writes its … (71%)
  ✓ a session write shadows locally (copy-on-write); the parent is unchanged  ← A child session reads its parent's cells and tags until it writes its … (99%)
  ✓ inherited watchers react to parent writes until the child shadows  ← A child's fallback chain sees its parent's write until the child shado… (58%)
  ✓ a watcher subscribed after a write still fires when the value returns to the initial  ← A watcher measures against the value at subscribe time: one joining af… (51%)
  ✓ a watcher joining after the value returned still fires on the next change  ← returns to it; one joining after the return fires on the next change.… (94%)
  ✓ the same listener subscribed twice fires twice, and one unsubscribe leaves the other  ← The same listener subscribed twice fires twice; each stop ends one sub… (99%)
  ✓ a watcher registered before a child shadows still sees the parent's later write  ← A watcher on the parent still sees the parent's later writes after a c… (96%)
  ✓ nested tags: nearest layer wins, and .all collects nearest-first across layers  ← Resolving a tag edge delivers its form: `all` lists nearest-first, `op… (86%)
  ✓ a nearer shadow invalidates a descendant's cached effective cell  ← A nearer shadow wins for descendants below it, and the parent keeps it… (63%)
  ✓ a closed scope's held controller still reads the initial value  ← A closed scope's held controller reads the initial value back; late wr… (99%)
  ✓ close runs children first, then userland onClose hooks in LIFO order  ← Close runs children first, then `onClose` hooks and cleanups latest-fi… (98%)
  ✓ close joins in-flight operation work before completing  ← Graceful close joins hook waits before and after `next()`.… (43%)
  ✓ a closed scope is sealed: late access and late writes fail with Disposed  ← A closed scope's held controller reads the initial value back; late wr… (89%)
  ✓ a throwing onClose hook does not stop the others, and its cause surfaces  ← A throwing hook or cleanup never stops the rest: every cause lands in … (100%)
  ✓ close is idempotent: hooks run once  ← Root close hooks run once, even across repeated close calls.… (71%)
  ✓ a hook that re-enters close does not run teardown twice  ← Close is safe to repeat: hooks run once, a re-entering close tears dow… (89%)
  ✓ close joins operation work started before the operation's first await  ← `close({ graceful: true })` waits for work to finish without first abo… (55%)
  ✓ a scope resource builds once: two resolves share one instance  ← A scope resource builds once; every resolve shares the one instance.… (100%)
  ✓ a resource factory sees its owner-bound deps  ← A resource factory sees its owner's current deps.… (87%)
  ✓ resource cleanup runs on close  ← Every close hook runs, including its after-work.… (49%)
  ✓ get() before resolve fails with NotResolved  ← `get` before `resolve` fails with `NotResolved` naming the resource; t… (99%)
  ✓ get() through a closed session fails with Disposed, not a stale value  ← `get` before `resolve` fails with `NotResolved` naming the resource; t… (57%)
  ? resolve() through a controller whose owner has closed fails with Disposed  — no README line (47%, unsure)
  ✓ a resource factory that resolves itself fails with CircularResource  ← A resource that resolves itself fails with `CircularResource` naming t… (94%)
  ✓ concurrent resolves of an async resource share one in-flight build  ← Concurrent resolves share one in-flight build; later resolves keep the… (98%)
  ✓ a resolved async resource caches: a later resolve returns the same instance  ← Concurrent resolves share one in-flight build; later resolves keep the… (96%)
  ✓ close awaits an in-flight async build before tearing down  ← Graceful close joins hook waits before and after `next()`.… (35%)
  ? an async build that completes during close does not publish and close stays clean  — no README line (62%, unsure)
  ✓ cleanup registered by an in-flight factory during close still runs  ← async factories, and runs its own cleanup at owner close; the real fac… (73%)
  ✓ an async resource whose factory returns an augmented thenable resolves to the awaited value  ← An async dependency arrives as its value, read without awaiting; an as… (69%)
  ✓ a scope-target resource is one instance shared across sessions  ← A scope-target resource is one instance shared across sessions, with o… (65%)
  ✓ a session-target resource builds once per session, distinct across sessions  ← A session-target resource builds once per session, distinct across ses… (95%)
  ✓ a scope resource requiring a session-only tag fails with MissingTag  ← A scope resource that needs a session-only tag fails with `MissingTag`… (98%)
  ✓ a session resource reads its owner-bound session data and tags  ← A `session` hook still reads the session's cells and tags after `next(… (29%)
  ✓ session(fn) success commits via onOutcome; a thrown error rolls back and propagates  ← `session(fn)` commits on return and rolls back on throw, closes the ch… (99%)
  ✓ a throwing onOutcome is aggregated, keeps the outcome, and does not stop other hooks  ← on; a throwing outcome hook keeps the outcome and aggregates its error… (58%)
  ✓ session(fn) closes the child automatically after fn returns  ← `session(fn)` commits on return and rolls back on throw, closes the ch… (97%)
  ✓ owned async work that fails settles the session outcome as failed and surfaces its cause  ← Failed owned work fails the session with its cause; a body failure sti… (91%)
  ✓ closing the parent while a session runs joins the body and rolls back on its failure  ← Closing a parent while a session runs joins the body: success commits,… (98%)
  ✓ an ancestor failure force-closes its subtree: a nested child's resource rolls back  ← A failure already known before the cascade rolls back the remaining ch… (41%)
  ✓ a factory context is dead after a synchronous throw: a late onOutcome fails  ← It returns `failed` with `Disposed` when called after that hook ends.… (72%)
  ✓ settled() inside session(fn) drains owned work without waiting on the body itself  ← `settled` inside `session(fn)` drains owned work without waiting on th… (95%)
  ✓ a leaf failure bubbles out through nested sessions to the caller and rolls back the leaf  ← A failure in a nested session bubbles to the caller and rolls back the… (84%)
  ✓ a teardown hook that returns its own close() does not hang  ← A teardown hook may return its own `close` without hanging; concurrent… (100%)
  ✓ closing a parent whose owned work awaits a child's onClose does not deadlock  ← A close whose owned work waits on a child's hook still completes; clos… (99%)
  ✓ a concurrent close during an async hook awaits the real teardown and its error  ← still awaits its real teardown and reports its error.… (87%)
  ✓ closing again after a close with teardown errors re-reports them  ← Close is safe to repeat: hooks run once, a re-entering close tears dow… (99%)
  ✓ when owned work and the body both fail, the body cause is primary for hook and caller  ← Failed owned work fails the session with its cause; a body failure sti… (67%)
  ✓ releasing a resource runs its cleanup and a re-resolve rebuilds a new instance  ← Releasing a resource runs its cleanup; a re-resolve builds a new insta… (100%)
  ✓ a build in flight when its resource is released never publishes  ← A build in flight when released never publishes — even when the releas… (98%)
  ✓ releasing a data cell resets it to its initial value and notifies watchers  ← Releasing a data cell resets it to its initial and notifies watchers.… (97%)
  ✓ an old build settling after release does not drop the replacement build  ← An old build settling late never drops its replacement; its late rejec… (97%)
  ⚠ an old build rejecting after release does not fail a session that got the replacement  — no README line (84%)
  ✓ a rejected build is sticky: a re-resolve without release returns the same rejection, one build  ← A rejected build is sticky: re-resolve returns the same rejection with… (100%)
  ✓ releasing a rejected resource lets a re-resolve rebuild a fresh instance  ← Releasing a resource runs its cleanup; a re-resolve builds a new insta… (80%)
  ✓ releasing a dependency cascades to a dependent whose build had rejected, so it rebuilds  ← Release cascades down: the dependent rebuilds, exactly once across dia… (41%)
  ✓ two sessions share one scope-target resource's sticky rejection (one build)  ← A scope-target resource is one instance shared across sessions, with o… (98%)
  ✓ release drops only the resource's cleanup, not a shared onClose callback  ← Release drops only the resource's cleanup, never a shared `onClose` ho… (98%)
  ✓ a release triggered during a factory prevents that build from publishing  ← A build in flight when released never publishes — even when the releas… (98%)
  ✓ releasing a resource whose owner is already closing fails with Disposed  ← A release whose owner is already closing fails with `Disposed`.… (99%)
  ✓ a nested release inside a release cleanup does not hang close  ← A release nested inside a release cleanup never hangs close, nor does … (100%)
  ✓ a release cleanup that returns its own close does not hang  ← A teardown hook may return its own `close` without hanging; concurrent… (98%)
  ✓ a session-owned build that rejects during auto-close fails the session  ← A session-owned build that rejects while the session closes still fail… (100%)
  ✓ a release cleanup that rejects surfaces as secondary  ← A rejecting release cleanup surfaces as secondary: the status stands, … (100%)
  ✓ releasing a resource cascades to its dependent exactly once; upstream untouched  ← Release cascades down: the dependent rebuilds, exactly once across dia… (96%)
  ✓ a diamond release cascades to the shared dependent exactly once  ← Release cascades down: the dependent rebuilds, exactly once across dia… (96%)
  ✓ a release cascade rebuilds the dependent resource without re-running the operation  ← Release cascades down: the dependent rebuilds, exactly once across dia… (52%)
  ✓ a throwing cleanup mid-cascade still drops every dependent's cache  ← A throwing cleanup mid-cascade still drops every dependent's cache; a … (92%)
  ⚠ releasing the head of a deep chain does not overflow the stack  — no README line (94%)
  ✓ a throwing watcher during release still runs the cleanups  ← A throwing cleanup mid-cascade still drops every dependent's cache; a … (95%)
  ✓ an old build's late rejection does not detach the replacement's edges  ← An old build settling late never drops its replacement; its late rejec… (78%)
  ✓ releasing a scope resource cascades to its dependent instances in each session  ← Releasing a scope resource cascades into each session's dependents; an… (98%)
  ✓ a sibling session that did not depend on the released scope resource is unaffected  ← Releasing a scope resource cascades into each session's dependents; an… (96%)
  ⚠ a closed session's dependency edges are pruned so a later release skips it  — no README line (91%)
  ✓ releasing a scope resource skips a closing session and still releases the others  ← instance, a closed or closing one is skipped while the others still re… (99%)
  ✓ a session cleanup that closes the root does not deadlock  ← A release nested inside a release cleanup never hangs close, nor does … (92%)
  ✓ releasing a parent session's resource does not touch a child session's own instance  ← A session-target resource builds once per session, distinct across ses… (48%)
  ✓ closing an unrelated scope from a cleanup awaits its real teardown and surfaces its error  ← still awaits its real teardown and reports its error.… (56%)
  ✓ resolving an operation with a subflow yields a parent-linked span tree  ← A subflow nests its span under its caller; two interleaved async opera… (96%)
  ✓ two interleaved async operations link each leaf span to its own parent  ← A subflow nests its span under its caller; two interleaved async opera… (80%)
  ✓ observation off gives ctx.obs.span undefined and no retained spans  ← With observation off, the context carries no span and nothing is retai… (96%)
  ✓ a throwing exporter does not fail the operation  ← A throwing exporter, a rejecting async exporter, a throwing logger, an… (99%)
  ✓ history is bounded and toggles independently of export and logging  ← Enable `observe.history` to retain a bounded list of completed spans f… (75%)
  ✓ observation on keeps the operation's returned value identity (behavior-neutral)  ← With observation on, values and instances keep their identity: measuri… (99%)
  ✓ an async exporter that rejects is isolated (no unhandled rejection, op unaffected)  ← A throwing exporter, a rejecting async exporter, a throwing logger, an… (80%)
  ✓ a throwing logger does not fail the operation  ← A throwing exporter, a rejecting async exporter, a throwing logger, an… (100%)
  ✓ a bare log call is info; the four methods carry their level to the sink  ← The bare call uses `info`;… (92%)
  ✓ the config level drops every line below the threshold  ← An info threshold drops extension start debug lines before reading the… (52%)
  ✓ a span for an operation whose setup throws is still closed and exported as failed  ← A failed parse still closes and exports its span as failed; an async r… (53%)
  ✓ a manual child span does not consume a non-promise thenable's then  ← A child span never calls a non-promise thenable's `then`.… (90%)
  ⚠ a sink returning a thenable whose then getter throws is isolated  — no README line (72%)
  ✓ a shared resource used by two operations links a used edge to each caller span  ← Each caller of a shared resource links its own `used` edge; the resour… (100%)
  ✓ resource value identity is unchanged with observation on (no wrapping)  ← With observation on, values and instances keep their identity: measuri… (100%)
  ✓ an async resource build opens and closes a balanced span  ← A failed parse still closes and exports its span as failed; an async r… (94%)
  ✓ a data preset is seen by a downstream operation, validated by parse  ← A data preset replaces the cell for the whole scope; reads see it.… (78%)
  ✓ a data preset value runs through parse and can be rejected  ← A tag binding runs through `parse`; a bad value throws `DataValidation… (52%)
  ✓ an operation preset replaces the run for a downstream subflow  ← An operation preset replaces the run for a direct call, a downstream s… (95%)
  ✓ an operation preset replaces the run for a direct run too  ← An operation preset replaces the run for a direct call, a downstream s… (96%)
  ✓ a preset is scoped to its scope, not the node globally  ← A preset is scoped to its scope: another scope still builds the real v… (99%)
  ✓ a void-input operation is always delivered as a callable subflow, never a value  ← a void-input operation is always a callable subflow, never a value.… (95%)
  ✓ a subflow call with input skips parse; rawInput runs parse  ← `scope.run(op, { input: typedValue })`; that path trusts the value and… (62%)
  ✓ a tagged scope.run binds the whole flow: the run, a subflow, and a nested subflow read the call's tags  ← A tagged call binds the whole flow: run, subflow, and nested subflow a… (99%)
  ? an undefined input is treated as absent, so rawInput is parsed (no NaN leak)  — no README line (37%, unsure)
  ? a never-parse operation still takes its input at the seam  — no README line (59%, unsure)
  ✓ a resource preset replaces the built instance for downstream consumers  ← A resource preset replaces the built instance, builds once per owner, … (91%)
  ✓ a resource preset is built once per owner and cached  ← A resource preset replaces the built instance, builds once per owner, … (93%)
  ✓ a resource preset's cleanup runs when the owner closes; the real factory never runs  ← async factories, and runs its own cleanup at owner close; the real fac… (78%)
  ✓ an async resource preset resolves to its awaited value  ← An async operation runs to its awaited value.… (37%)
  ? a resource preset receives the resolved deps, delivered untyped (narrow at use)  — no README line (49%, unsure)
  ✓ a unit takes no meta: the option is a type error and the handle has no field  ← A unit takes no meta: the option is a type error and the handle has no… (100%)
  ✓ scope and session tags take the same authored shape: a binding, nothing, or a nested list  ← That covers a scope's or session's `tags`, a… (70%)
  ✓ a call's tags take the authored shape: a single binding opens the session, a nested nothing does not  ← A call whose `tags` is nothing, or a list that flattens to nothing, is… (56%)
  ✓ presets and extensions take the same authored shape: nested lists and false are read flat  ← Core reads it once, flat, in authored order, so optional and grouped i… (91%)
  ⚠ close runs defers in reverse registration order (LIFO)  — no README line (98%)
  ✓ a later onClose runs before an earlier resource defer (layer-wide LIFO)  ← Close runs children first, then `onClose` hooks and cleanups latest-fi… (95%)
  ✓ a dependent's defer runs before its dependency's (registration order)  ← an earlier resource cleanup; a dependent's cleanup before its dependen… (48%)
  ✓ an operation defer sees success on a clean run  ← An operation defer sees the run's own end: `success` on return, `faile… (99%)
  ✓ an operation defer sees failed when the run throws  ← An operation defer sees the run's own end: `success` on return, `faile… (100%)
  ✓ an operation context carries no borrow or drain handle  ← An operation's context exposes no borrow or drain internals.… (99%)
  ✓ a resource cleanup rolls back on a forced close, commits on a graceful close  ← A clean scope closes `success` when graceful, `cancelled` when forced,… (56%)
  ✓ close aborts ctx.signal so a parked op stops cleanly  ← A forced close aborts in-flight work: a parked op stops, a sleep rejec… (77%)
  ✓ a streaming operation writes a data cell over time; a watcher sees it grow  ← An operation can write a cell over time; watchers see each write.… (99%)
  ✓ a real late owned failure during close still surfaces (cancel-clean is only the abort reason)  ← Failed owned work fails the session with its cause; a body failure sti… (80%)
  ✓ a cancelled session rejects rather than resolving undefined  ← interrupt; a cancelled session rejects rather than resolving undefined… (91%)
  ✓ a throwing defer is aggregated as TeardownFailed and does not stop other defers  ← A throwing operation defer is aggregated as `TeardownFailed`.… (76%)
  ✓ closing a scope with thousands of defers settles cancelled with no teardown errors  ← A clean scope closes `success` when graceful, `cancelled` when forced,… (74%)
  ✓ an interrupted session resource sees cancelled, not success  ← An operation defer sees the run's own end: `success` on return, `faile… (73%)
  ⚠ closing a deeply nested scope tree does not overflow  — no README line (76%)
  ✓ an owned rejection with an undefined cause keeps that cause  ← A rejected promise with an `undefined` cause keeps that cause; a primi… (94%)
  ✓ teardown errors are aggregated in execution order  ← A throwing hook or cleanup never stops the rest: every cause lands in … (100%)
  ✓ close aborts children created by a still-running nested body  ← Aborting the call stops its body and subflows through `ctx.signal`.… (60%)
  ✓ a settled body result survives a later interrupt  ← A session that finished before any cancel keeps its success; a settled… (99%)
  ✓ a session that completes before any cancel keeps its success (Q5)  ← A session that finished before any cancel keeps its success; a settled… (100%)
  ✓ close keeps a child's real failure and cleanup error while waiting for its parent's body  ← A failing teardown inside session still reports the body failure along… (52%)
  ? close keeps a grandchild's real failure while its ancestor awaits its body  — no README line (36%, unsure)
  ? close keeps a session grandchild's failure while its ancestor awaits its body (Q5)  — no README line (35%, unsure)
  ✓ close collects a child born and finished during its ancestor's body wait  ← A close whose owned work waits on a child's hook still completes; clos… (58%)
  ⚠ close collects a session child born and finished during its ancestor's body wait  — no README line (78%)
  ? a parent close preserves a real owned failure in an interrupted child  — no README line (43%, unsure)
  ? a collecting parent gets a child's winning body failure, not its caught owned-work error  — no README line (42%, unsure)
  ✓ a graceful close still force-rolls-back children when the scope already failed  ← A graceful close still rolls back children of an already-failed scope;… (96%)
  ✓ a descendant failure known before the cascade rolls back the remaining child  ← A failure already known before the cascade rolls back the remaining ch… (90%)
  ✓ a failure collected from an earlier child rolls back the next child  ← A failure already known before the cascade rolls back the remaining ch… (93%)
  ✓ a first graceful child close after an ancestor abort still rolls its resource back  ← A graceful close still rolls back children of an already-failed scope;… (97%)
  ✓ a body that rejects with a surfaced failure reports it over a caught owned-work error  ← A caught panic after an earlier failure leaves the first failure as th… (54%)
  ✓ an own body failure wins even when an ancestor reports the same cause  ← manual close of the same cause, which never demotes the parent's own b… (63%)
  ✓ a body that rejects with a primitive closes with that value as the failure error  ← A session body rejected with a primitive keeps its cause under close.… (57%)
  ✓ a later session throwing a reused error fails with it  ← A reused error object counts as the later session's own body failure; … (83%)
  ? a later session's teardown records its own body failure  — no README line (59%, unsure)
  ✓ closing a manual child does not demote its parent's own body failure  ← manual close of the same cause, which never demotes the parent's own b… (91%)
  ✓ a manual child's earlier close does not swallow the body's own throw of the same cause  ← manual close of the same cause, which never demotes the parent's own b… (92%)
  ✓ a diamond release tears down dependents before dependencies (reverse registration)  ← dependents tear down first, and the cascade re-runs no operation.… (81%)
  ✓ release waits for an in-flight op borrowing the resource before running its cleanup  ← A release waits for a borrower: a running cross-owner operation keeps … (99%)
  ✓ a sync op borrowing a released resource does not delay its cleanup  ← A sync borrower never delays… (80%)
  ✓ releasing a scope resource waits for a cross-owner op that borrowed it  ← A release waits for a borrower: a running cross-owner operation keeps … (99%)
  ✓ release keeps a scope dependency alive while a child op borrows its dependent  ← A release waits for a borrower: a running cross-owner operation keeps … (98%)
  ✓ release keeps a scope dependency alive until a child resource's async cleanup finishes  ← A release waits for a borrower: a running cross-owner operation keeps … (63%)
  ✓ release keeps a borrowed resource alive until async cleanup finishes  ← A release waits for a borrower: a running cross-owner operation keeps … (93%)
  ✓ release waits for a child borrower even when its resource has no defer  ← A release waits for a borrower: a running cross-owner operation keeps … (53%)
  ✓ release keeps a borrowed resource alive when the op throws first  ← A release waits for a borrower: a running cross-owner operation keeps … (84%)
  ✓ release waits for a borrower before running a defer registered by an in-flight build  ← in-flight operations and resource builds to settle, then runs resource… (73%)
  ✓ a superseded build's late defer leaves the rebuilt resource alive in cache  ← A build superseded in flight leaves the rebuilt instance alive: its la… (86%)
  ? a cross-owner release leaves a dependency rebuilt by child cleanup alive in cache  — no README line (51%, unsure)
  ✓ cross-owner release tears down a descendant dependent before its ancestor dependency  ← an earlier resource cleanup; a dependent's cleanup before its dependen… (85%)
  ✓ release during dependency resolution waits for the operation's cleanup  ← A release waits for a borrower: a running cross-owner operation keeps … (67%)
  ✓ a clean scope closes success when graceful and never throws  ← A clean scope closes `success` when graceful, `cancelled` when forced,… (100%)
  ✓ a clean scope closes cancelled when forced  ← A clean scope closes `success` when graceful, `cancelled` when forced,… (98%)
  ✓ a second close returns the owned Result and never throws  ← `settle()` on a saved operation controller returns one Result without … (43%)
  ✓ an operation reads the scope's clock, and advancing it moves later reads  ← The default clock reads real wall time; a test clock starts where buil… (91%)
  ✓ a resource factory reads the scope's clock  ← An operation reads the scope's clock; a resource factory does too (see… (70%)
  ✓ the test clock handles fractional virtual time: truncated millis, precise nanos  ← set, and keeps precise nanos; a child session reads its parent's clock… (54%)
  ✓ the default scope clock reads real wall-clock time  ← The default clock reads real wall time; a test clock starts where buil… (100%)
  ✓ a child session reads its parent scope's clock  ← set, and keeps precise nanos; a child session reads its parent's clock… (99%)
  ✓ setTime replaces the test clock's current time  ← The default clock reads real wall time; a test clock starts where buil… (74%)
  ✓ a resource factory that defaults its deps param still reads the injected clock  ← An operation reads the scope's clock; a resource factory does too (see… (56%)
  ✓ a test-clock sleep resolves only once virtual time is advanced past it  ← A test-clock sleep resolves only after virtual time passes it; a zero … (95%)
  ✓ aborting a pending test-clock sleep rejects with the signal's reason  ← An aborted sleep rejects with the signal's reason, on both clocks.… (93%)
  ✓ a system-clock sleep rejects with the reason when its signal aborts  ← An aborted sleep rejects with the signal's reason, on both clocks.… (76%)
  ✓ a test-clock sleep of zero resolves without advancing time  ← A test-clock sleep resolves only after virtual time passes it; a zero … (88%)
  ✓ a forced close aborts an in-flight sleep: the run's defer sees cancelled and close settles cancelled  ← A forced close aborts in-flight work: a parked op stops, a sleep rejec… (84%)
  ✓ scope.resolve reads a data cell's current value with no subscription  ← `scope.resolve` reads a cell's current value with no subscription, bui… (95%)
  ✓ scope.resolve builds a resource once and caches, like controller resolve  ← A scope resource builds once; every resolve shares the one instance.… (85%)
  ✓ scope.resolve reads a tag's nearest binding, default, and throws MissingTag when absent  ← tag's nearest binding, default, or throws `MissingTag`.… (97%)
  ✓ scope.resolve delivers all and optional through a tag edge  ← Resolving a tag edge delivers its form: `all` lists nearest-first, `op… (99%)
  ✓ scope.resolve delivers required through a tag edge, throwing MissingTag when absent  ← neither it throws `MissingTag` naming the tag.… (58%)
  ✓ scope.run runs an operation now with rawInput  ← Pass outside data with `scope.run(op, { rawInput: value })`.… (93%)
  ⚠ scope.run runs an operation with no call args  — no README line (80%)
  ✓ scope.run and the operation controller share one lookup and one controller  ← `scope.run` shares the controller path: same lookup, same CallArgs rul… (99%)
  ✓ scope.run runs an inline operation with deps and ctx  ← An inline run resolves deps, delivers the full context, and shares not… (98%)
  ✓ scope.run runs an inline operation with no call: deps resolve and ctx.input is void  ← to an operation with no reader leaves `ctx.input` `undefined` — there … (53%)
  ✓ a labelled inline run yields its name with a nested subflow under it  ← An inline run yields one span named `inline`, or its label, with the s… (100%)
  ✓ an unlabeled inline run yields one span named inline  ← An inline run yields one span named `inline`, or its label, with the s… (100%)
  ✓ a forced close aborts an in-flight inline sleep: defer sees cancelled, close settles cancelled  ← A forced close aborts in-flight work: a parked op stops, a sleep rejec… (91%)
  ✓ an inline run receives a preset resource through the deps it names  ← A tagged inline run sees the call's tags; a preset arrives through its… (87%)
  ✓ the same inline config run twice shares nothing: two spans, two bodies  ← run twice yields two spans and two bodies.… (88%)
  ✓ a tagged run builds session resources in the flow and leaves scope resources at the root  ← A tagged run builds session resources in the flow, scope resources at … (99%)
  ✓ a tagged run's session closes when the run settles: success then failed  ← `session(fn)` reports the close end through the chain: success, a fail… (59%)
  ✓ a tagged inline run behaves the same: the flow sees the tags  ← A tagged call binds the whole flow: run, subflow, and nested subflow a… (52%)
  ✓ an untagged run builds a session resource at the root, with no session opened  ← session resources at the root and opens no session; the tagged session… (93%)
  ✓ a tagged sync call that ended in place returns its value (ADR 0072)  ← tagged sync call that ended in place returns its value, and one that m… (52%)
  ✓ a tagged call that must wait still returns a native promise (ADR 0072)  ← tagged sync call that ended in place returns its value, and one that m… (57%)
  ✓ a scope with no extensions is ready at once on one shared promise  ← A scope with no extensions is ready at once on one shared promise; a s… (99%)
  ? ready waits for an async start  — no README line (59%, unsure)
  ✓ a rejected start rejects ready and fails the scope  ← A failed start rejects `ready` with its cause and fails the scope.… (99%)
  ✓ start hooks nest: the first registered runs outermost  ← A `run` hook wraps every operation call, on the root or in a session (… (62%)
  ✓ a start that skips next short-circuits the inner starts  ← short-circuits: inner starts never run, the refused body never runs.… (97%)
  ? resolve(ext) fails with NotResolved before ready  — no README line (43%, unsure)
  ✓ resolve(ext) reads the start value once ready  ← extension's own start value, bypassing the resolve chain.… (38%)
  ✓ a close hook wraps the structural close  ← A close hook wraps the structural close and sees its result.… (96%)
  ✓ ctx.defer registered in start runs at close with the settled end  ← in-flight operations and resource builds to settle, then runs resource… (40%)
  ✓ ctx.signal aborts on a forced close  ← Forced close aborts its signal and prevents a late `next()` from start… (83%)
  ✓ a session after ready has an already-resolved ready  ← A scope with no extensions is ready at once on one shared promise; a s… (99%)
  ✓ resolve of an extension that is not installed throws NotResolved  ← Resolving an extension that is not installed throws `NotResolved` nami… (96%)
  ✓ a resolve hook wraps a cell read: before, next, after  ← A `resolve` hook wraps snapshot reads on the root handle (first regist… (65%)
  ✓ a resolve hook that skips next short-circuits with a substitute  ← `next()` to short-circuit with a substitute):… (52%)
  ⚠ two resolve hooks nest in registration order  — no README line (76%)
  ? a resolve hook also wraps tag and resource reads  — no README line (41%, unsure)
  ✓ resolve(ext) bypasses the resolve chain  ← extension's own start value, bypassing the resolve chain.… (88%)
  ✓ a session read bypasses the resolve chain  ← A session read still skips `resolve` hooks; its runs and writes use in… (59%)
  ✓ a run hook wraps a declared operation call: before, next, after  ← A `run` hook wraps every operation call, on the root or in a session (… (61%)
  ✓ a run hook that skips next refuses the call and the body never runs  ← short-circuits: inner starts never run, the refused body never runs.… (83%)
  ✓ two run hooks nest in registration order  ← Two hooks keep registration order for both runs and writes on child la… (59%)
  ✓ a run hook sees an inline config too  ← An inline run in a session passes its original inline config to the `r… (97%)
  ✓ a run hook passes the call through to the operation unchanged  ← A run hook sees every call and passes it through unchanged; a start or… (99%)
  ✓ a tagged call opens its child session under the run hook  ← A `run` hook wraps every operation call, on the root or in a session (… (47%)
  ✓ a session run from an extended scope passes through the run hook  ← A `run` hook wraps every operation call, on the root or in a session (… (65%)
  ✓ a write hook wraps controller(cell).set: before, next, after  ← A `write` hook wraps cell writes at every layer (first registered is o… (74%)
  ✓ a write hook that skips next refuses the write: value and watchers unchanged  ← to refuse a write, leaving the value and watchers unchanged):… (93%)
  ? two write hooks nest in registration order  — no README line (61%, unsure)
  ✓ update(fn) runs through the chain with the computed value  ← `update(fn)` runs through the write chain with the computed value; the… (99%)
  ✓ the wrapped cell controller is cached per cell  ← `update(fn)` runs through the write chain with the computed value; the… (85%)
  ✓ a cached write controller still rejects controller(cell) after close  ← Requesting a cell controller after close raises `Disposed`, even when … (99%)
  ✓ resource and operation controllers from the extended handle stay plain  ← Resource and operation controllers from the extended handle stay plain… (97%)
  ✓ an operation controller from the extended handle stays plain  ← Resource and operation controllers from the extended handle stay plain… (99%)
  ✓ a session write from an extended scope passes through the write hook  ← A root write and a session write each invoke the `write` hook once.… (75%)
  ✓ a dependency controller write passes through the layer's write hook  ← A write through a `depends: { x: cell.controller }` edge invokes the `… (90%)
  ✓ two session hooks nest in registration order and both see success  ← Session hooks nest in registration order and each sees the end status.… (85%)
  ✓ createSession plus an explicit close runs the chain: graceful success, forced cancelled  ← A clean scope closes `success` when graceful, `cancelled` when forced,… (93%)
  ✓ session(fn) reports the close Result: success, a failed run, a forced close  ← `session(fn)` reports the close end through the chain: success, a fail… (95%)
  ✓ a tagged call runs the session chain once  ← A tagged call runs the session chain once; a session under a session i… (91%)
  ✓ a session created under a session is wrapped  ← A tagged call runs the session chain once; a session under a session i… (99%)
  ⚠ a scope with no session hook runs session bodies and closes the child session  — no README line (91%)
  ? a scope with no session hook binds a tagged call's tags  — no README line (49%, unsure)
  ✓ an operation depending on an extension receives the start value after ready  ← An operation depending on an extension receives the start value after … (97%)
  ✓ running an operation on a pending extension dependency raises NotResolved  ← An operation depending on an extension receives the start value after … (92%)
  ✓ an operation depending on an extension reads the start value  ← An operation depending on an extension receives the start value after … (73%)
  ✓ a session hook that skips next still lets the session run and close  ← A throwing session hook rejects the session with its error; a hook tha… (70%)
  ✓ a throwing session hook rejects the session with its error  ← A throwing session hook rejects the session with its error; a hook tha… (95%)
  ✓ a session felled by a forced parent close still settles next() as cancelled  ← A session felled by a forced parent close settles the hook chain as `c… (74%)
  ✓ a session felled by a graceful parent close still settles next() as success  ← A graceful close through hooks settles success.… (66%)
  ? a late default dependency stays open through its dependent's async cleanup  — no README line (45%, unsure)
  ? release finishes a borrowed client before its pool  — no README line (62%, unsure)
  ? a watcher borrowing a replacement cannot hold the old instance  — no README line (52%, unsure)
  ✓ a build rejected before release keeps its failed hook outcome  ← on; a throwing outcome hook keeps the outcome and aggregates its error… (53%)
  ⚠ interleaved resource hooks keep reverse registration order  — no README line (98%)
  ⚠ interleaved release hooks keep reverse registration order  — no README line (98%)
  ⚠ a circular resource does not hold itself open after rejection  — no README line (88%)
  ✓ two dependency slots keep one hold on the same instance  ← Concurrent resolves share one in-flight build; later resolves keep the… (46%)
  ⚠ release awaits interleaved async hooks in reverse registration order  — no README line (100%)
  ? a dependency stays open through every hook of its dependent  — no README line (49%, unsure)
  ? close joins a release whose next hook is queued behind an async hook  — no README line (67%, unsure)
  ? a released build keeps its end when it rejects after release  — no README line (43%, unsure)
  ✓ release keeps its end when close joins a borrowed instance  ← A close already under way in core wins; the failed start joins it with… (39%)
  ✓ a named late client holds only its own dependency bucket  ← It is absent for a value the scope only inherited; the parent still ho… (55%)
  ✓ a warm dependency stays open through its client's late build  ← A build superseded in flight leaves the rebuilt instance alive: its la… (35%)
  ? a warm hookless bridge holds its pool through a client's late build  — no README line (0%, unsure)
  ? a child build keeps a preset root pool open through its hookless bridge  — no README line (50%, unsure)
  ✓ closing a child waits for its late build while it holds a root pool  ← A close whose owned work waits on a child's hook still completes; clos… (64%)
  ? a warmed context-aware pool without cleanup can feed a client  — no README line (69%, unsure)
  ⚠ a hookless session client frees its hold on a root resource when it closes  — no README line (80%)
  ? a preset cleanup waits for a hookless dependent's late build  — no README line (69%, unsure)
  ✓ a synchronous resource rejects defer after its factory finishes  ← Registration after the factory has… (47%)
  ✓ an asynchronous resource rejects defer after its factory finishes  ← Registration after the factory has… (64%)
  ? a late hookless build cannot replace the value built after release  — no README line (44%, unsure)
  ⚠ a hookless factory can retry after a synchronous failure  — no README line (96%)
  ✓ a context-aware resource reports its build span  ← Each resource build emits a `resource` span, so tests can count builds… (85%)
  ⚠ a late build gives its waiting run a value and ends its hook once as released  — no README line (76%)
  ✓ a rejected start rejects ready only after its forced cleanup ends  ← `ready` rejects with the start error only after that forced close ends… (100%)
  ✓ a rejected start runs every close hook through the current handle  ← Every close hook runs, including its after-work.… (67%)
  ✓ a start that fails during close joins the hooks already running  ← A close already under way in core wins; the failed start joins it with… (84%)
  ✓ closed reports the start error after cleanup even when a stop was requested  ← `ready` rejects with the start error only after that forced close ends… (76%)
  ✓ a stop lets in-flight work finish without aborting its ctx signal  ← In-flight work can finish; the stop never aborts `ctx.signal`.… (84%)
  ✓ a stop after a manual close does not run close hooks again  ← Close is safe to repeat: hooks run once, a re-entering close tears dow… (64%)
  ✓ a stop joins an object run hook through its cleanup  ← A `run` hook that skips `next()` stops a subflow and returns its subst… (45%)
  ✓ a forced close joins the graceful close requested by the stop signal  ← A later forced close joins it and keeps its Result.… (93%)
  ✓ closed stays pending while the root is open  ← `closed` stays pending while open, settles once, and never rejects.… (95%)
  ✓ closed waits for close hooks' after-work and keeps core's Result  ← It holds core's own Result after the close hooks finish their after-wo… (96%)
  ✓ closed counts a close hook throw after next as a teardown error  ← A hook's throw is a teardown error in both `close()` and `closed`.… (61%)
  ✓ closed keeps close-hook and resource cleanup errors together  ← A hook's throw is a teardown error in both `close()` and `closed`.… (78%)
  ✓ the root drops its stop listener before any close hook runs  ← The root drops its abort listener as soon as a close reaches core, bef… (95%)
  ✓ a signal close runs every close hook gracefully through the current handle  ← A signal close runs each hook with `graceful: true`.… (83%)
  ✓ only a root given a signal has closed and sessions take no signal  ← Only a root given a `signal` has `closed`; sessions take no stop signa… (99%)
  ✓ a child named watcher sees a parent's named write  ← A child named watcher sees a parent's named write once.… (68%)
  ✓ a grandchild named watcher sees a root named write  ← A grandchild named watcher sees a root named write.… (100%)
  ✓ a child's own named entry shields its watcher from a parent's write  ← A child's own named entry shields its watcher from a parent's write.… (100%)
  ✓ a child's named entry skips comparisons in its subtree on a parent write  ← A child's named entry skips comparisons in its subtree on a parent wri… (100%)
  ✓ a child's fallback chain sees its parent's write until the child shadows it  ← A child's fallback chain sees its parent's write until the child shado… (100%)
  ✓ releasing a parent's named entry notifies a child watcher of its fallback  ← Releasing a parent's named entry notifies a child watcher of its fallb… (100%)
  ✓ a tagged subflow in a named run uses session hooks  ← A tagged subflow in a named run uses session hooks.… (100%)
  ? a failed async named build stays on its bucket until releaseNs  — no README line (62%, unsure)
  ? a named run borrows the bucket selected after earlier dependencies resolve  — no README line (37%, unsure)
  ⚠ a named run borrows a replacement built after an earlier dependency releases it  — no README line (75%)
  ✓ a named run keeps a late dependency cleanup alive through its dependent  ← dependency alive through their cleanups; teardown runs borrower-first.… (57%)
  ? a named run keeps dependencies borrowed after its dependent is released  — no README line (63%, unsure)
  ? a named run keeps a scope pool alive through its session client  — no README line (54%, unsure)
  ✓ releaseNs cleans one resource bucket and close drains the buckets left behind  ← Close waits for a named resource borrow and tears every bucket down on… (51%)
  ✓ release without ns drops every named resource bucket  ← `release(cell)` resets every named entry at its layer.… (50%)
  ? releaseNs waits for its own live borrow but not a sibling namespace  — no README line (41%, unsure)
  ✓ releaseNs keeps a dependency alive until its named dependent borrow ends  ← Close waits for a named resource borrow and tears every bucket down on… (89%)
  ⚠ release passed point-free to forEach releases each cell  — no README line (88%)
  ✓ release(cell) resets every named entry at its layer  ← `release(cell)` resets every named entry at its layer.… (100%)
  ✓ release(cell) notifies a named watcher after resetting its entry  ← `release(cell)` notifies a named watcher of its reset value once.… (99%)
  ✓ release(cell) calls only the child watcher that inherits its named entry  ← `release(cell)` calls only the child watcher that inherits its named e… (100%)
  ✓ release(cell) unlinks clients of its named entry, not a child's entry  ← `release(cell)` unlinks clients of its named entries, not another laye… (99%)
  ✓ releaseNs still unlinks a new named client after release(cell)  ← A new named client after `release(cell)` is still unlinked by `release… (87%)
  ✓ releaseNs resets one data bucket and leaves its sibling and default  ← `releaseNs(target, ns)` clears one namespace's bucket… (59%)
  ⚠ releaseNs on named data invalidates only resources that read that bucket  — no README line (86%)
  ⚠ releaseNs on parent data invalidates a child resource that read its bucket  — no README line (75%)
  ? releaseNs on parent data cleans child resources before parent resources  — no README line (67%, unsure)
  ✓ releaseNs leaves a namespace-blind scope resource built  ← so `releaseNs` leaves it built.… (76%)
  ? releaseNs waits for an async cleanup without a live borrow  — no README line (41%, unsure)
  ? release waits for a live borrow from a named bucket  — no README line (62%, unsure)
  ✓ a late named resource build cleans up and never fills its released bucket  ← A build in flight when released never publishes — even when the releas… (52%)
  ? release supersedes a named build before its late cleanup registers  — no README line (63%, unsure)
  ✓ a rebuilt chain dependent leaves its old fallback bucket  ← A build superseded in flight leaves the rebuilt instance alive: its la… (67%)
  ✓ a throwing named data watcher still runs the extracted release cleanup (N2)  ← A throwing cleanup mid-cascade still drops every dependent's cache; a … (74%)
  ? a failed named build's cleanup is still run by releaseNs (N3)  — no README line (62%, unsure)
  ✓ a failed named build does not fill a sibling chain's fallback (N3)  ← A sync-failed named bucket is not filled by a sibling chain.… (71%)
  ? releasing a far named data bucket does not invalidate a client reading a nearer default (N6)  — no README line (38%, unsure)
  ⚠ releaseNs ignores data and resource buckets that were never built or already released  — no README line (89%)
  ⚠ releaseNs from a closed session cannot unlink the root's named pool  — no README line (91%)
  ⚠ releaseNs cannot unlink a root pool after its owner begins closing  — no README line (84%)
  ? releaseNs unlinks a namespace-target resource at the root from a child  — no README line (52%, unsure)
  ⚠ a rebuilt named data dependent leaves its old fallback entry  — no README line (87%)
  ✓ releaseNs rebuilds a hookless named client without touching its sibling  ← `release(cell)` unlinks clients of its named entries, not another laye… (40%)
  ✓ a fallback client survives release of a different pool bucket, with or without hooks  ← `release(cell)` unlinks clients of its named entries, not another laye… (86%)
  ? a fallback client rebuilds when its selected pool bucket is released, with or without hooks  — no README line (64%, unsure)
  ✓ a rebuilt client drops the named resource link from its failed build  ← A failed named resource retries without leaking to a sibling chain.… (56%)
  ✓ releaseNs on a named pool drops a dependent's sticky async failure  ← Releasing a resource drops its dependents so they rebuild.… (52%)
  ✓ releaseNs finishes a named diamond once, dependent before its pool  ← Release cascades down: the dependent rebuilds, exactly once across dia… (73%)
  ⚠ releaseNs does not run a closing child's cleanup twice  — no README line (79%)
  ✓ closed sessions leave a root named pool usable for later clients  ← The root stays usable until then.… (70%)
  ✓ closed sessions leave a root named data entry usable for later clients  ← The root stays usable until then.… (54%)
  ? releaseNs on a root pool unlinks child clients built on that namespace  — no README line (42%, unsure)
  ✓ releaseNs notifies only chains containing the released key  ← `releaseNs` notifies only chains containing the released key.… (100%)
  ✓ releaseNs notifies a chain watcher of its fallback value  ← Releasing a parent's named entry notifies a child watcher of its fallb… (90%)
  ✓ a watcher starting another namespace cannot hold the released instance (N4)  ← Releasing a resource runs its cleanup; a re-resolve builds a new insta… (34%)
  ? a late named dependency finishes after its dependent (N5)  — no README line (52%, unsure)
  ✓ two namespaces split one cell; the default is untouched  ← A namespaced write invokes the `write` hook once and stores its value … (64%)
  ✓ a tag chain [a, muse] finds the binding bound in muse  ← A tag edge reads the nearest binding, in an operation or through the s… (49%)
  ✓ ambient createSession({ ns }) resolves in that ns; a per-call ns wins for one run  ← An ambient `createSession({ ns })` resolves there; a per-call `ns` win… (97%)
  ✓ a child's own default write shadows a parent's namespaced write (layers-first)  ← A child's own named entry shields its watcher from a parent's write.… (60%)
  ✓ tags and cells both use layers-first chain order  ← Within each layer it checks the chain in order.… (85%)
  ✓ a child session inherits the parent's ambient ns; its own ns replaces it  ← `createSession({ ns })` sets an ambient namespace: child sessions, tag… (81%)
  ✓ a named write lands at (layer, first key) and never notifies a default watcher  ← A named write lands at the current layer's first key and never notifie… (91%)
  ? a subflow .run({ input, ns }) writes its own bucket; without ns it inherits the run's  — no README line (60%, unsure)
  ✓ a tagged subflow inherits its named caller's namespace  ← `createSession({ ns })` sets an ambient namespace: child sessions, tag… (87%)
  ✓ named calls keep the real layer lifecycle and extension registry  ← Named calls keep the real layer lifecycle and extension registry.… (100%)
  ✓ a tagged subflow in a named run uses session hooks  ← A tagged subflow in a named run uses session hooks.… (100%)
  ✓ pass-through extensions preserve namespaces for writes and resolves  ← Pass-through extensions preserve namespaces for writes and resolves.… (100%)
  ✓ a session-target resource builds once in each namespace and reuses its warm bucket  ← A session-target resource builds once in each namespace and reuses its… (100%)
  ✓ a resource chain reuses its fallback then switches to a nearer warm bucket  ← A resource chain reuses its fallback, then switches to a nearer warm b… (85%)
  ✓ a sync-failed named bucket is not filled by a sibling chain  ← A sync-failed named bucket is not filled by a sibling chain.… (100%)
  ✓ a named resource dependency reads a nearer default before a farther named entry  ← A named resource dependency reads a nearer default before a farther na… (100%)
  ✓ namespace clients share one scope-target pool  ← Namespace clients share one scope-target pool.… (100%)
  ✓ namespace resources share a root bucket across request sessions  ← Namespace resources share a root bucket across request sessions.… (100%)
  ✓ sessions without a namespace share one root default resource  ← Sessions without a namespace share one root default resource.… (100%)
  ✓ namespace resource dependencies see tenant and root tags but not request tags  ← Namespace resource dependencies see tenant and root tags but not reque… (100%)
  ✓ request transactions share their tenant database but not each other  ← Request transactions share their tenant database but not each other.… (100%)
  ✓ release waits for a request borrowing a namespace resource and clears all buckets  ← Close waits for a named resource borrow and tears every bucket down on… (60%)
  ✓ closing the root waits for a request and cleans each namespace bucket once  ← Closing the root waits for a request and cleans each namespace bucket … (100%)
  ✓ close waits for a named resource borrow and tears every bucket down once  ← Close waits for a named resource borrow and tears every bucket down on… (100%)
  ✓ a scope-target resource is namespace-blind and keeps default storage clean  ← A scope-target resource is namespace-blind and keeps default storage c… (100%)
  ✓ an ambient namespace cannot enter a scope-target resource build  ← An ambient namespace cannot enter a scope-target resource build.… (100%)
  ✓ namespace-blind scope builds keep tagged operation dependencies blind  ← Namespace-blind scope builds keep tagged operation dependencies blind.… (100%)
  ✓ invalid input rejects before dependencies build  ← Invalid input rejects before dependencies build.… (100%)
  ✓ a re-registered named watcher refreshes its comparison value  ← A re-registered named watcher refreshes its comparison value.… (100%)
  ✓ a namespace-blind watcher observes default storage, never ambient tenant storage  ← A namespace-blind watcher observes default storage, never ambient tena… (100%)
  ✓ a named write compares only its namespace watcher among a thousand  ← A named write compares only its namespace watcher among a thousand.… (100%)
  ✓ a chain watcher sees its fallback key but not an unrelated key  ← A chain watcher sees its fallback key but not an unrelated key.… (100%)
  ✓ unsubscribing a chain watcher removes it from every named key  ← Unsubscribing a chain watcher removes it from every named key.… (100%)
  ✓ a chained watcher compares against the full resolved namespace chain  ← A chained watcher compares against the full resolved namespace chain.… (100%)
  ✓ an empty namespace chain is rejected  ← An empty namespace chain is rejected with `InvalidDependency`.… (99%)
  ✓ a non-namespace ns value is a loud error, not a silent key  ← A non-namespace `ns` value fails with `InvalidDependency`, not a silen… (99%)
  ✓ a watcher that writes during notify does not rob a later watcher of its change  ← A watcher that writes during notify does not rob a later watcher of it… (100%)
  ✓ named and chained cell watches notify only when their resolved value changes  ← Named and chained cell watches notify only when their resolved value c… (100%)
  ✓ a failed named resource retries without leaking to a sibling chain  ← A failed named resource retries without leaking to a sibling chain.… (100%)
  ✓ named tag all keeps repeated bindings through a chain  ← `scope.resolve(tag.all)` returns bindings nearest layer first, and las… (48%)
  ✓ ambient namespace survives child, tagged subflow, inline run, and imperative controllers  ← `createSession({ ns })` sets an ambient namespace: child sessions, tag… (58%)
  ✓ a manual child span exports its event  ← A manual child span exports its event.… (100%)
  ✓ a manual child span that returns a value closes as ok  ← A manual child span that returns a value closes as ok.… (100%)
  ✓ a manual child span that throws closes as failed and rethrows  ← A manual child span that throws closes as failed and rethrows.… (100%)
  ✓ an async child span closes as ok when its promise resolves  ← An async child span closes as ok when its promise resolves.… (100%)
  ✓ an async child span closes as failed when its promise rejects  ← An async child span closes as failed when its promise rejects.… (100%)
  ✓ sibling spans carry distinct ids in call order  ← Sibling spans carry distinct ids in call order.… (100%)
  ✓ a run retains its span in history  ← A sync run retains its span in history before run returns.… (81%)
  ✓ a tagged call replays typed input inside the child session  ← A tagged call replays typed input inside the child session.… (100%)
  ✓ a tagged call replays raw input inside the child session  ← A tagged call replays raw input inside the child session.… (100%)
  ✓ a tagged call with no input still reads the call tags  ← A tagged call with no input still reads the call tags.… (100%)
  ✓ an operation writes through a data controller edge  ← An operation writes through a data controller edge.… (100%)
  ✓ a sync run retains its span in history before run returns  ← A sync run retains its span in history before run returns.… (100%)
  ✓ a session body rejected with a primitive keeps its cause under close  ← A session body rejected with a primitive keeps its cause under close.… (100%)
  ✓ two scopes with the same seed replay the same next() stream  ← A test random built from a seed replays the same `next()` stream acros… (98%)
  ✓ two scopes with the same seed replay the same uuid() stream, each v4-shaped  ← A test random built from a seed replays the same `uuid()` stream, each… (96%)
  ✓ different seeds produce different next() streams  ← gives a different stream.… (48%)
  ✓ uuid() yields a distinct id on each call  ← call yields a distinct id.… (91%)
  ✓ makeTestRandom with no seed is a deterministic default generator  ← A test random with no seed is a deterministic default generator.… (96%)
  ✓ a scope with no random option reads the system source  ← The default random reads the system source (`Math.random` / `crypto.ra… (76%)
  ✓ the system source uses the native randomUUID when the page has it  ← The default random reads the system source (`Math.random` / `crypto.ra… (90%)
  ✓ the system source still makes v4 ids where randomUUID is missing (plain-http browser pages)  ← The default random reads the system source (`Math.random` / `crypto.ra… (70%)
  ⚠ a child session inherits the parent scope's injected random  — no README line (81%)
  ✓ a child session reads its parent's cell value  ← A child session reads its parent's cell value.… (100%)
  ✓ releasing a resource drops its dependents so they rebuild  ← Releasing a resource drops its dependents so they rebuild.… (100%)
  ✓ a throwing operation defer is aggregated as TeardownFailed  ← A throwing operation defer is aggregated as `TeardownFailed`.… (100%)
  ✓ releasing a cell cascades into a resource behind its controller edge  ← Releasing a cell cascades into a resource behind its controller edge.… (100%)
  ✓ a released resource rebuilds with a fresh generation  ← A released resource rebuilds with a fresh generation.… (100%)
  ✓ releasing a data cell resets it and releases only its dependents  ← Releasing a data cell resets it and releases only its dependents.… (100%)
  ✓ a factory that declares no ctx fails its defer with Disposed  ← A factory that declares no ctx fails its defer with `Disposed`.… (100%)
  ✓ a factory that declares no ctx still reads its abort signal  ← A factory that declares no ctx still reads its abort signal.… (100%)
  ✓ a resource context hands the same abort signal on every read  ← A resource context hands the same abort signal on every read.… (100%)
  ✓ releasing one resource leaves another resource's cleanup in place  ← Releasing one resource leaves another resource's cleanup in place.… (100%)
  ✓ releasing a mid-chain resource tears down each dependent once in order  ← Releasing a mid-chain resource tears down each dependent once in order… (100%)
  ✓ a resource cleanup that rejects asynchronously lands in teardown errors  ← A resource cleanup that rejects asynchronously lands in teardown error… (100%)
  ✓ a child session reads its parent's latest write  ← A child session reads its parent's latest write.… (100%)
  ✓ a child update builds on its parent's latest write  ← A child update builds on its parent's latest write.… (100%)
  ✓ releasing a dependency after its dependent never tears down twice  ← Releasing a dependency after its dependent never tears down twice.… (100%)
  ✓ a release inside a run drains unrelated cleanups at once  ← A release inside a run drains unrelated cleanups at once.… (100%)
  ✓ a build superseded twice never publishes its value  ← A build superseded twice never publishes its value.… (100%)
  ✓ a finished borrow is forgotten before the next release  ← A finished borrow is forgotten before the next release.… (100%)
  ✓ a defer from a superseded build never joins the live rebuild's drain  ← A defer from a superseded build never joins the live rebuild's drain.… (100%)
  ✓ a failing start fails the scope with its cause  ← A failing start fails the scope with its cause.… (100%)
  ✓ a forced close aborts a nested grandchild session  ← A forced close aborts a nested grandchild session.… (100%)
  ✓ a rejection from a superseded build never goes sticky  ← A rejection from a superseded build never goes sticky.… (100%)
  ✓ get on a rejected build returns its rejection  ← Get on a rejected build returns its rejection.… (100%)
  ✓ concurrent resolves share one tracked build  ← Concurrent resolves share one tracked build.… (100%)
  ✓ releasing a diamond leg then the root still tears down the other leg  ← Releasing a diamond leg then the root still tears down the other leg.… (100%)
  ✓ a build that releases itself still rebuilds on the next resolve  ← A build that releases itself still rebuilds on the next resolve.… (100%)
  ✓ a release waits for every borrower, not just the first done  ← A release waits for every borrower, not just the first done.… (100%)
  ✓ settle returns an async operation's success value  ← `settle` returns an async operation's success value.… (100%)
  ✓ settle classifies a registry-shaped Error as an error  ← `settle` classifies a registry-shaped `Error` as an error.… (100%)
  ✓ settle classifies a plain Error as a panic  ← `settle` classifies a plain `Error` as a panic.… (100%)
  ✓ settle returns a primitive panic without an origin  ← `settle` returns a primitive panic without an origin.… (100%)
  ✓ settle returns the value when an operation returns under a forced close  ← `settle` returns the value when an operation returns under a forced cl… (100%)
  ✓ settle returns what run returns when a body answers its abort with a value  ← `settle` returns what `run` returns when a body answers its abort with… (100%)
  ✓ settle reports cancellation when a body rejects with its abort reason  ← `settle` reports cancellation when a body rejects with its abort reaso… (100%)
  ✓ settle mirrors run for a sync operation under a forced close  ← `settle` mirrors `run` for a sync operation under a forced close.… (100%)
  ✓ settle reports a cancel reason from another scope as a failure  ← `settle` reports a cancel reason from another scope as a failure.… (100%)
  ✓ a forced close's cancel reason reads as AbortError text  ← A forced close's cancel reason reads as `AbortError` text.… (100%)
  ✓ a forced close's cancel reason is named AbortError  ← A forced close's cancel reason is named `AbortError`.… (100%)
  ✓ a forced close's cancel reason inspects as AbortError text  ← A forced close's cancel reason inspects as `AbortError` text.… (100%)
  ✓ settle reports a foreign AbortError rejecting during a forced close as a failure  ← `settle` reports a foreign `AbortError` rejecting during a forced clos… (100%)
  ✓ settle reports cancellation when a forced close aborts its operation  ← `settle` reports cancellation when a forced close aborts its operation… (100%)
  ✓ settle returns a sync Result for an untagged sync operation  ← `settle` returns a sync Result for an untagged sync operation.… (100%)
  ✓ settle on a tagged sync call returns its Result directly when it ended in place (ADR 0072)  ← `settle` on a tagged sync call returns its Result directly when it end… (96%)
  ✓ scope settle accepts a typed inline call without making it async  ← `scope.settle` accepts a typed inline call without making it async.… (81%)
  ✓ scope settle on a tagged inline config: a Result in place, a native promise when it waits (ADR 0072)  ← `scope.settle` on a tagged inline config gives a Result in place, a na… (97%)
  ✓ settle on an unknown-typed operation types as a Result or a promise of one  ← `settle` on an unknown-typed operation types as a Result or a promise … (100%)
  ✓ settle on a generic operation assigns to a Result or a promise of one  ← `settle` on a generic operation assigns to a Result or a promise of on… (100%)
  ✓ scope settle keeps an unknown-typed inline a Result or a promise of one  ← `scope.settle` keeps an unknown-typed inline a Result or a promise of … (99%)
  ✓ settle recovers a root operation's panic without failing the layer  ← `settle` recovers a root operation's panic without failing the layer.… (100%)
  ✓ a settle call remains recovered when its caller finishes first  ← A settle call remains recovered when its caller finishes first.… (100%)
  ✓ a tagged settle failure does not bubble through a graceful parent close  ← A tagged settle failure does not bubble through a graceful parent clos… (100%)
  ✓ settle returns a closed-scope error rather than throwing  ← `settle` returns a closed-scope error rather than throwing.… (100%)
  ✓ a sync throw gets the innermost run's origin  ← A sync throw gets the innermost run's origin.… (100%)
  ✓ an async rejection gets the innermost run's origin  ← An async rejection gets the innermost run's origin.… (100%)
  ✓ three failed runs build a root-first origin path  ← Three failed runs build a root-first origin path.… (100%)
  ✓ originOf follows cause chains to a stamped error  ← `originOf` follows cause chains to a stamped error.… (100%)
  ✓ rethrowing an already-stamped error keeps its first origin  ← Rethrowing an already-stamped error keeps its first origin.… (100%)
  ✓ a sentinel error thrown on every settle keeps a one-run path  ← A sentinel error thrown on every settle keeps a one-run path.… (100%)
  ✓ a tagged subflow keeps its caller in the path  ← A tagged subflow keeps its caller in the path.… (100%)
  ✓ a sibling rethrow does not extend the first path  ← A sibling rethrow does not extend the first path.… (100%)
  ✓ an observed origin carries the failed run's span id  ← An observed origin carries the failed run's span id.… (100%)
  ✓ an unobserved origin has no span id  ← An unobserved origin has no span id.… (100%)
  ✓ destructured operation raise sets kind, payload, and message at the throw site  ← A destructured operation `raise` sets kind, payload, and message at th… (98%)
  ✓ resource raise stamps the resource ctx before a run receives it  ← A resource `raise` stamps the resource ctx before a run receives it.… (98%)
  ✓ an escaping operation raise adds its own run label only once  ← An escaping operation `raise` adds its own run label only once.… (100%)
  ✓ an empty ctx raise gets its origin from the run it reaches  ← An empty ctx `raise` gets its origin from the run it reaches.… (100%)
  ✓ extension raise stamps the start ctx  ← An extension `raise` stamps the start ctx.… (100%)
  ✓ a failed session close carries its error's origin  ← A failed session close carries its error's origin.… (100%)
  ✓ a cached controller refuses a tagged run once its scope closed  ← A closed scope's held controller reads the initial value back; late wr… (76%)
  ✓ a cached controller refuses an untagged run once its scope closed  ← A closed scope's held controller reads the initial value back; late wr… (56%)
  ⚠ a tagged sync run that raises a managed error rejects with it  — no README line (97%)
  ⚠ a run's borrow is released after its sync defer, so a release and a close do not wait on it  — no README line (74%)
  ✓ more than eight bindings on one layer: nearest wins and .all keeps authored order, newest first  ← `scope.resolve(tag.all)` returns bindings nearest layer first, and las… (84%)
  ✓ .all reads a handful of bindings across layers, nearest layer first, newest first  ← `scope.resolve(tag.all)` returns bindings nearest layer first, and las… (97%)
  ✓ a closed scope with session hooks refuses a new session  ← A closed scope with session hooks refuses a new session with `Disposed… (99%)
  ? a throwing then getter rejects the session and closes it  — no README line (43%, unsure)
  ⚠ a then getter is read once: the body value is the first read's  — no README line (80%)
  ? a then getter usable once still succeeds  — no README line (60%, unsure)
  ✓ a leaked handle is disposed once the body returned: onClose raises Disposed  ← when its body ends (ADR 0071): after the body returned, `onClose`, `re… (66%)
  ✓ a leaked handle is disposed once the body returned: resolve raises Disposed  ← when its body ends (ADR 0071): after the body returned, `onClose`, `re… (64%)
  ? close({ withData: true }) keeps the data inside the body, and gets none after it  — no README line (60%, unsure)
  ✓ a parent's forced close requested inside a sync body cancels the session  ← A session felled by a forced parent close settles the hook chain as `c… (76%)
  ✓ a late close of a session that ended in place gets a Result of its own  ← A later forced close joins it and keeps its Result.… (53%)
  ✓ a session hook that throws before next still lets the body run and rethrows the hook error  ← A session hook that throws before next still lets the body run and ret… (100%)
  ✓ two session hooks see each ordered end in turn  ← Two session hooks see each ordered end in turn.… (100%)
  ✓ a body that rejects inside session fails the close with its cause  ← A body that rejects inside session fails the close with its cause.… (100%)
  ✓ a session body that throws sync rejects the session with its cause  ← A session body that throws sync rejects the session with its cause.… (100%)
  ✓ a cancelled session rejects with its reason  ← A cancelled session rejects with its reason.… (100%)
  ✓ a failing teardown inside session still reports the body failure  ← A failing teardown inside session still reports the body failure along… (81%)
  ✓ a close re-entered during a failing teardown reports the failure  ← A close re-entered during a failing teardown reports the failure.… (100%)
  ✓ a close re-entered during a clean forced teardown reports cancelled  ← A close re-entered during a clean forced teardown reports cancelled.… (100%)
  ✓ a forced close with a cleanup still settles cancelled  ← A forced close with a cleanup still settles cancelled.… (100%)
  ✓ settled stays pending until an operation's async cleanup finishes  ← `settled` stays pending until an operation's async cleanup finishes.… (100%)
  ✓ a wrapped session body that throws sync still drains cleanups then reports the cause  ← A wrapped session body that throws sync still drains cleanups then rep… (100%)
  ✓ three session hooks nest in registration order  ← Three session hooks nest in registration order.… (100%)
  ✓ a close hook sees the settled end  ← A close hook sees the settled end.… (100%)
  ✓ a graceful close through hooks settles success  ← A graceful close through hooks settles success.… (100%)
  ✓ a failing body with a failing cleanup reports both causes  ← A failing body with a failing cleanup reports both causes.… (100%)
  ✓ a session that ends cancelled rejects with its reason  ← A session that ends cancelled rejects with its reason.… (100%)
  ✓ session hooks wrap sessions nested two deep  ← Session hooks wrap sessions nested two deep.… (100%)
  ✓ a close re-entered from an async cleanup is still acknowledged  ← A close whose owned work waits on a child's hook still completes; clos… (69%)
  ✓ an operation that finishes after abort still sees cancelled  ← An operation that finishes after abort still sees cancelled.… (100%)
  ✓ a cleanup that closes another scope sees its real result  ← A cleanup that closes another scope sees its real result.… (100%)
  ✓ a wrapped session cut by a forced close rejects  ← A wrapped session cut by a forced close rejects.… (100%)
  ✓ a clean body with a failing cleanup still reports the cleanup  ← A clean body with a failing cleanup still reports the cleanup.… (100%)
  ✓ an idle scope's close still reports an operation cleanup that threw  ← An idle scope's close still reports an operation cleanup that threw.… (100%)
  ✓ extension start logs before and after next reach the scope sink without a span  ← Extension start logs before and after next reach the scope sink withou… (100%)
  ✓ a destructured extension start logger sends every level without span observation  ← A destructured extension start logger sends every level without span o… (100%)
  ✓ an info threshold drops extension start debug lines before reading the clock  ← An info threshold drops extension start debug lines before reading the… (100%)
  ✓ extension start logging without a sink reads no clock or attributes  ← Extension start logging without a sink reads no clock or attributes.… (100%)
  ✓ a failed extension start delivers the log before its throw  ← A failed extension start delivers the log before its throw.… (100%)
  ✓ a throwing extension start log sink does not fail ready  ← A throwing extension start log sink does not fail ready.… (100%)
  ✓ an extension close hook logs before and after next with the scope filter and clock  ← An extension close hook logs before and after next with the scope filt… (100%)
  ✓ an observed operation logs its label, elapsed time, outcome, level, and span  ← An observed operation logs its label, elapsed time, outcome, level, an… (100%)
  ✓ a failed operation logs its failure at error level  ← A failed operation logs its failure at error level.… (100%)
  ✓ nested subflows log child before parent, once each  ← Nested subflows log child before parent, once each.… (100%)
  ✓ an info threshold drops ok step lines but keeps failed ones  ← An info threshold drops ok step lines but keeps failed ones.… (100%)
  ✓ logging without observation keeps ctx.log but emits no step line  ← Logging without observation keeps `ctx.log` but emits no step line.… (100%)
  ✓ observing without a log sink preserves operation and resource spans  ← Observing without a log sink preserves operation and resource spans.… (100%)
  ✓ a throwing step log sink does not change the run result  ← A throwing step log sink does not change the run result.… (100%)
  ✓ a panic caught with try/catch still fails its layer  ← A panic caught with `try/catch` still fails its layer, with the panic … (93%)
  ✓ a panic received through settle leaves its layer successful  ← A panic received through `settle` leaves its layer successful.… (100%)
  ✓ settle recovers a panic that a nested subflow threw  ← `settle` recovers a panic that a nested subflow threw.… (100%)
  ✓ settle recovers a panic carried as the cause of the error it receives  ← `settle` recovers a panic carried as the cause of the error it receive… (100%)
  ✓ a panic swallowed inside a settled run still fails the layer  ← A panic swallowed inside a settled run still fails the layer.… (100%)
  ✓ settle recovers only the panic it receives, not one swallowed earlier  ← `settle` recovers only the panic it receives, not one swallowed earlie… (100%)
  ✓ a caught panic after an earlier failure leaves the first failure as the layer's error  ← A caught panic after an earlier failure leaves the first failure as th… (100%)
  ✓ a managed error caught with try/catch leaves its layer successful  ← A managed error caught with `try/catch` leaves its layer successful.… (100%)
  ✓ a caught panic in a session run fails that session and not its parent  ← A caught panic in a session run fails that session and not its parent.… (100%)
  ✓ a caught panic in an inline run fails the scope it ran in  ← A caught panic in an inline run fails the scope it ran in.… (100%)
  ✓ a panic caught inside a tagged run fails the run's own session  ← A panic caught inside a tagged run fails the run's own session.… (100%)
  ✓ a tagged subflow's panic fails its caller's layer even when the caller catches it  ← A tagged subflow's panic fails its caller's layer even when the caller… (100%)
  ✓ a forced close after a caught panic settles failed, not cancelled  ← A forced close after a caught panic settles `failed`, not `cancelled`.… (100%)
  ✓ two caught panics in one layer leave the first as the layer's error  ← Two caught panics in one layer leave the first, with its origin, as th… (100%)
  ✓ a caught panic before a failed resource build stays the layer's error  ← A caught panic before a failed resource build stays the layer's error.… (100%)
  ? a run that touches nothing comes back as a value, and its tag was visible  — no README line (50%, unsure)
  ? an op-level defer runs before the value comes back and needs no session  — no README line (69%, unsure)
  ✓ a write through a data-controller dep stays in the run's session  ← A child session reads its parent's cells and tags until it writes its … (69%)
  ? a session resource built during the run lives in the run's session and is cleaned when it ends  — no README line (64%, unsure)
  ? a watcher registered by the run keeps the session on the full path  — no README line (69%, unsure)
  ✓ a first signal read attaches the session; the signal reads aborted once the run ended  ← Each owner keeps the same signal, created on first read.… (29%)
  ✓ a signal read only after the run ended is aborted too  ← A first read after closing began returns an aborted signal.… (54%)
  ✓ a panic in a sync tagged body fails the run's own session, not its parent  ← A panic caught inside a tagged run fails the run's own session.… (58%)
  ? a parent's forced close requested inside a sync tagged body cancels the run  — no README line (53%, unsure)
  ⚠ a tagged subflow inside a tagged run: the inner waits (a body is running), the outer waits for it  — no README line (90%)
  ✓ a managed error raised by the run rejects the call and leaves the parent healthy  ← An error thrown by a run is a value: a caller that catches it leaves t… (48%)
  ✓ a parent close requested while a tagged call's body is being adopted waits for the call  ← Closing a parent while a session runs joins the body: success commits,… (71%)
  ? the first defer keeps reverse order and the run's end  — no README line (47%, unsure)
  ⚠ the first async defer keeps the tagged call pending  — no README line (93%)
  ✓ the first signal read joins the parent's forced close  ← A first read after closing began returns an aborted signal.… (39%)
  ⚠ a parent close inside an untouched tagged body sees that body  — no README line (85%)
  ⚠ the first resource build sees inherited namespaces and the call's tags  — no README line (81%)
  ? the first nested tagged build owns its resource and both tag levels  — no README line (59%, unsure)
  ✓ the first dropped subflow is joined by tagged close  ← A later forced close joins it and keeps its Result.… (36%)
  ? a first panic fails the tagged session and leaves the root open  — no README line (36%, unsure)
  ? the first nested panic keeps its caller in the error path  — no README line (42%, unsure)
  ? session hooks read the first write after next and run hooks fire once  — no README line (32%, unsure)
  ✓ catching a subflow panic still fails its tagged session  ← A tagged subflow's panic fails its caller's layer even when the caller… (55%)
  ✓ a sync cleanup error fails an otherwise empty tagged call  ← Stack uses 1 for a failed Result or any teardown error, and 0 otherwis… (59%)
  ⚠ a data controller from an idle tagged call refuses a late write  — no README line (86%)
  ✓ a nested tagged watcher sees a root write before the nested body returns  ← A grandchild named watcher sees a root named write.… (57%)
  ? a later tagged sibling does not detach a live watcher  — no README line (61%, unsure)
  ✓ a tagged call started by its parent's abort sees cancelled cleanup  ← An operation that finishes after abort still sees cancelled.… (81%)
  ? an ancestor collects a late tagged failure after that child has detached  — no README line (49%, unsure)
  ⚠ adopting a body's late then method keeps its tagged controller writable  — no README line (94%)
  ? a forced parent close reaches a body adopted after its run returned  — no README line (51%, unsure)
  ⚠ a tagged session adopts a callable made thenable by run cleanup  — no README line (93%)
  ✓ wait: a promise body  ← in place, and through a promise when the session must wait (ADR 0072).… (39%)
  ✓ wait: a defer registered by a session resource of the run  ← in-flight operations and resource builds to settle, then runs resource… (68%)
  ? wait: a session resource built for the run, even with no cleanup  — no README line (58%, unsure)
  ? wait: a child session opened by the body  — no README line (46%, unsure)
  ? wait: pending work the body did not await  — no README line (38%, unsure)
  ? wait: a signal handed out, aborted once the run ended  — no README line (48%, unsure)
  ✓ wait: a failure rejects through a promise  ← in place, and through a promise when the session must wait (ADR 0072).… (67%)
  ✓ wait: a session hook wraps the tagged call once  ← A tagged run invokes its `run` hook once with the original call, not a… (74%)
  ✓ wait: a tagged subflow called before its caller's first await; a value after it  ← tagged sync call that ended in place returns its value, and one that m… (69%)
  ✓ in place: a sync body on an idle session comes back as a value, and reads its tag  ← tagged sync call that ended in place returns its value, and one that m… (99%)
  ✓ importing core draws no random values; the id stream seeds on the first observed span  ← Importing core draws no random values; the id stream seeds on the firs… (100%)
  ✓ a root span has nonzero W3C ids before its body runs  ← A root span has nonzero W3C ids before its body runs.… (100%)
  ✓ operation, resource, and manual children inherit the trace and name their parent span  ← Operation, resource, and manual children inherit the trace and name th… (100%)
  ✓ two unseeded root spans start different traces  ← Two unseeded root spans start different traces.… (100%)
  ✓ span JSON keeps public fields, ids, attributes, and events without internal state  ← Span JSON keeps public fields, ids, attributes, and events without int… (100%)
  ✓ a seeded random replays trace and span ids  ← A seeded random replays trace and span ids.… (100%)
  ✓ reading ids later leaves the seeded random stream and ids unchanged  ← Reading ids later leaves the seeded random stream and ids unchanged.… (100%)
  ✓ observation leaves seeded and custom user randomness unchanged  ← Observation leaves seeded and custom user randomness unchanged.… (100%)
  ✓ user random reads do not change seeded trace and child span ids  ← User random reads do not change seeded trace and child span ids.… (100%)
  ✓ seeded ids use generator bits in every hex position and stay nonzero  ← Seeded ids use generator bits in every hex position and stay nonzero.… (100%)
  ✓ observation off leaves the ambient random stream untouched  ← Observation off leaves the ambient random stream untouched.… (100%)
  ✓ a session copies its remote trace seed and child sessions inherit it  ← A session copies its remote trace seed and child sessions inherit it.… (100%)
  ✓ a session seed overrides its scope seed without changing siblings  ← A session seed overrides its scope seed without changing siblings.… (100%)
  ✓ a seeded subflow uses its local caller as parent and keeps the sampled flag  ← A seeded subflow uses its local caller as parent and keeps the sampled… (100%)
  ✓ a null session seed starts a fresh trace without changing its parent  ← A null session seed starts a fresh trace without changing its parent.… (100%)
  ✓ a session seed follows direct resource builds to their scope owner  ← A session seed follows direct resource builds to their scope owner.… (100%)
  ✓ a default close frees a session's data and returns none  ← A default close frees a session's data and returns none.… (100%)
  ✓ a withData close hands over what the session wrote, never what it inherited  ← A withData close hands over what the session wrote, never what it inhe… (100%)
  ✓ a family member and a namespaced session's cell read back from data  ← A family member and a namespaced session's cell read back from data.… (100%)
  ✓ a graceful withData close keeps what in-flight work wrote before it settled  ← A graceful withData close keeps what in-flight work wrote before it se… (100%)
  ✓ a session hook reads the session's cells and tags after next  ← A session hook reads the session's cells and tags after next.… (100%)
  ✓ a session hook cannot write a cell or read a resource after next  ← A session hook cannot write a cell or read a resource after next.… (100%)
  ✓ a hooked session's reads throw once its hooks return  ← A hooked session's reads throw once its hooks return.… (100%)

jev promises: 40/763 titles have no README line (72 more unsure, under 70%). Write the gaps, or say why they are not promises.
