$ flock /tmp/mutation.lock vp run core#mutate
~/packages/core$ stryker run ⊘ cache disabled
[32m04:10:10 (2148314) INFO ProjectReader[39m Found 5 of 49 file(s) to be mutated.
[32m04:10:11 (2148314) INFO Instrumenter[39m Instrumented 5 source file(s) with 3495 mutant(s)
[32m04:10:11 (2148314) INFO ConcurrencyTokenProvider[39m Creating 7 test runner process(es).
[32m04:10:11 (2148314) INFO BroadcastReporter[39m Detected that current console does not support the "progress" reporter, downgrading to "progress-append-only" reporter
[32m04:10:12 (2148314) INFO DryRunExecutor[39m Starting initial test run (vitest test runner with "perTest" coverage analysis). This may take a while.
[32m04:10:34 (2148314) INFO DryRunExecutor[39m Initial test run succeeded. Ran 814 tests in 21 seconds (net 14744.292081999973 ms, overhead 6879.707918000027 ms).
[33m04:10:34 (2148314) WARN MutantTestPlanner[39m Detected 275 static mutants (8% of total) that are estimated to take 52% of the time running the tests!
  You might want to enable "ignoreStatic" to ignore these static mutants for your next run. 
  For more information about static mutants visit: https://stryker-mutator.io/docs/mutation-testing-elements/static-mutants
  (disable "warnings.slow" to ignore this warning)
Mutation testing 0% (elapsed: <1m, remaining: ~4h 30m) 56/3495 tested (3 survived, 2 timed out)
Mutation testing 0% (elapsed: <1m, remaining: ~45m) 129/3495 tested (9 survived, 2 timed out)
Mutation testing 1% (elapsed: <1m, remaining: ~29m) 148/3495 tested (10 survived, 2 timed out)
Mutation testing 2% (elapsed: <1m, remaining: ~28m) 191/3495 tested (15 survived, 2 timed out)
Mutation testing 2% (elapsed: <1m, remaining: ~31m) 216/3495 tested (25 survived, 2 timed out)
Mutation testing 4% (elapsed: ~1m, remaining: ~23m) 251/3495 tested (31 survived, 2 timed out)
Mutation testing 4% (elapsed: ~1m, remaining: ~23m) 301/3495 tested (35 survived, 2 timed out)
Mutation testing 4% (elapsed: ~1m, remaining: ~26m) 412/3495 tested (45 survived, 2 timed out)
Mutation testing 4% (elapsed: ~1m, remaining: ~29m) 505/3495 tested (52 survived, 2 timed out)
Mutation testing 5% (elapsed: ~1m, remaining: ~27m) 585/3495 tested (69 survived, 2 timed out)
Mutation testing 5% (elapsed: ~1m, remaining: ~30m) 617/3495 tested (74 survived, 2 timed out)
Mutation testing 5% (elapsed: ~2m, remaining: ~32m) 694/3495 tested (81 survived, 2 timed out)
Mutation testing 6% (elapsed: ~2m, remaining: ~32m) 744/3495 tested (90 survived, 2 timed out)
Mutation testing 6% (elapsed: ~2m, remaining: ~34m) 824/3495 tested (97 survived, 2 timed out)
Mutation testing 7% (elapsed: ~2m, remaining: ~32m) 858/3495 tested (99 survived, 2 timed out)
Mutation testing 7% (elapsed: ~2m, remaining: ~34m) 895/3495 tested (104 survived, 4 timed out)
Mutation testing 7% (elapsed: ~2m, remaining: ~33m) 932/3495 tested (107 survived, 5 timed out)
Mutation testing 8% (elapsed: ~3m, remaining: ~34m) 951/3495 tested (109 survived, 5 timed out)
Mutation testing 8% (elapsed: ~3m, remaining: ~36m) 971/3495 tested (110 survived, 11 timed out)
Mutation testing 8% (elapsed: ~3m, remaining: ~37m) 1013/3495 tested (114 survived, 11 timed out)
Mutation testing 8% (elapsed: ~3m, remaining: ~39m) 1048/3495 tested (123 survived, 11 timed out)
Mutation testing 9% (elapsed: ~3m, remaining: ~36m) 1096/3495 tested (127 survived, 11 timed out)
Mutation testing 9% (elapsed: ~3m, remaining: ~35m) 1124/3495 tested (132 survived, 11 timed out)
Mutation testing 10% (elapsed: ~4m, remaining: ~35m) 1181/3495 tested (136 survived, 11 timed out)
Mutation testing 10% (elapsed: ~4m, remaining: ~35m) 1198/3495 tested (138 survived, 11 timed out)
Mutation testing 10% (elapsed: ~4m, remaining: ~35m) 1241/3495 tested (155 survived, 11 timed out)
Mutation testing 10% (elapsed: ~4m, remaining: ~36m) 1281/3495 tested (160 survived, 12 timed out)
Mutation testing 11% (elapsed: ~4m, remaining: ~37m) 1324/3495 tested (164 survived, 14 timed out)
Mutation testing 13% (elapsed: ~4m, remaining: ~32m) 1368/3495 tested (170 survived, 14 timed out)
Mutation testing 13% (elapsed: ~5m, remaining: ~30m) 1381/3495 tested (172 survived, 14 timed out)
Mutation testing 14% (elapsed: ~5m, remaining: ~31m) 1400/3495 tested (174 survived, 14 timed out)
Mutation testing 14% (elapsed: ~5m, remaining: ~31m) 1438/3495 tested (180 survived, 14 timed out)
Mutation testing 15% (elapsed: ~5m, remaining: ~31m) 1495/3495 tested (192 survived, 14 timed out)
Mutation testing 16% (elapsed: ~5m, remaining: ~28m) 1534/3495 tested (196 survived, 14 timed out)
Mutation testing 16% (elapsed: ~5m, remaining: ~28m) 1548/3495 tested (197 survived, 14 timed out)
Mutation testing 17% (elapsed: ~6m, remaining: ~28m) 1563/3495 tested (202 survived, 14 timed out)
Mutation testing 18% (elapsed: ~6m, remaining: ~27m) 1614/3495 tested (214 survived, 14 timed out)
Mutation testing 19% (elapsed: ~6m, remaining: ~26m) 1654/3495 tested (230 survived, 14 timed out)
Mutation testing 19% (elapsed: ~6m, remaining: ~26m) 1694/3495 tested (240 survived, 14 timed out)
Mutation testing 20% (elapsed: ~6m, remaining: ~25m) 1716/3495 tested (242 survived, 14 timed out)
Mutation testing 21% (elapsed: ~6m, remaining: ~25m) 1723/3495 tested (242 survived, 14 timed out)
Mutation testing 21% (elapsed: ~7m, remaining: ~25m) 1743/3495 tested (249 survived, 16 timed out)
Mutation testing 25% (elapsed: ~7m, remaining: ~21m) 1784/3495 tested (251 survived, 17 timed out)
Mutation testing 26% (elapsed: ~7m, remaining: ~20m) 1799/3495 tested (252 survived, 18 timed out)
Mutation testing 27% (elapsed: ~7m, remaining: ~19m) 1811/3495 tested (252 survived, 18 timed out)
Mutation testing 28% (elapsed: ~7m, remaining: ~19m) 1825/3495 tested (252 survived, 18 timed out)
Mutation testing 29% (elapsed: ~7m, remaining: ~19m) 1867/3495 tested (256 survived, 18 timed out)
Mutation testing 32% (elapsed: ~8m, remaining: ~16m) 1913/3495 tested (260 survived, 18 timed out)
Mutation testing 34% (elapsed: ~8m, remaining: ~15m) 1951/3495 tested (267 survived, 18 timed out)
Mutation testing 35% (elapsed: ~8m, remaining: ~15m) 1967/3495 tested (267 survived, 18 timed out)
Mutation testing 36% (elapsed: ~8m, remaining: ~14m) 1985/3495 tested (271 survived, 18 timed out)
Mutation testing 37% (elapsed: ~8m, remaining: ~14m) 2025/3495 tested (279 survived, 18 timed out)
Mutation testing 37% (elapsed: ~8m, remaining: ~14m) 2079/3495 tested (281 survived, 18 timed out)
Mutation testing 37% (elapsed: ~9m, remaining: ~14m) 2127/3495 tested (289 survived, 18 timed out)
Mutation testing 38% (elapsed: ~9m, remaining: ~14m) 2160/3495 tested (294 survived, 18 timed out)
Mutation testing 40% (elapsed: ~9m, remaining: ~13m) 2178/3495 tested (295 survived, 19 timed out)
Mutation testing 41% (elapsed: ~9m, remaining: ~13m) 2199/3495 tested (295 survived, 20 timed out)
Mutation testing 42% (elapsed: ~9m, remaining: ~13m) 2243/3495 tested (303 survived, 20 timed out)
Mutation testing 43% (elapsed: ~9m, remaining: ~12m) 2331/3495 tested (315 survived, 21 timed out)
Mutation testing 44% (elapsed: ~10m, remaining: ~12m) 2383/3495 tested (321 survived, 21 timed out)
Mutation testing 45% (elapsed: ~10m, remaining: ~12m) 2452/3495 tested (337 survived, 21 timed out)
Mutation testing 45% (elapsed: ~10m, remaining: ~12m) 2516/3495 tested (348 survived, 22 timed out)
Mutation testing 45% (elapsed: ~10m, remaining: ~12m) 2600/3495 tested (357 survived, 22 timed out)
Mutation testing 45% (elapsed: ~10m, remaining: ~12m) 2683/3495 tested (372 survived, 22 timed out)
Mutation testing 46% (elapsed: ~10m, remaining: ~12m) 2747/3495 tested (382 survived, 22 timed out)
Mutation testing 46% (elapsed: ~11m, remaining: ~12m) 2790/3495 tested (388 survived, 22 timed out)
Mutation testing 46% (elapsed: ~11m, remaining: ~12m) 2825/3495 tested (394 survived, 22 timed out)
Mutation testing 46% (elapsed: ~11m, remaining: ~13m) 2866/3495 tested (399 survived, 23 timed out)
Mutation testing 46% (elapsed: ~11m, remaining: ~13m) 2916/3495 tested (405 survived, 23 timed out)
Mutation testing 46% (elapsed: ~11m, remaining: ~13m) 2955/3495 tested (405 survived, 25 timed out)
Mutation testing 47% (elapsed: ~11m, remaining: ~13m) 2982/3495 tested (406 survived, 25 timed out)
Mutation testing 47% (elapsed: ~12m, remaining: ~13m) 3011/3495 tested (415 survived, 27 timed out)
Mutation testing 48% (elapsed: ~12m, remaining: ~13m) 3083/3495 tested (433 survived, 27 timed out)
Mutation testing 48% (elapsed: ~12m, remaining: ~13m) 3115/3495 tested (434 survived, 27 timed out)
Mutation testing 48% (elapsed: ~12m, remaining: ~13m) 3147/3495 tested (436 survived, 27 timed out)
Mutation testing 48% (elapsed: ~12m, remaining: ~13m) 3191/3495 tested (443 survived, 28 timed out)
Mutation testing 56% (elapsed: ~12m, remaining: ~10m) 3262/3495 tested (448 survived, 29 timed out)
Mutation testing 57% (elapsed: ~13m, remaining: ~9m) 3270/3495 tested (448 survived, 29 timed out)
Mutation testing 60% (elapsed: ~13m, remaining: ~8m) 3286/3495 tested (452 survived, 29 timed out)
Mutation testing 63% (elapsed: ~13m, remaining: ~7m) 3300/3495 tested (455 survived, 29 timed out)
Mutation testing 64% (elapsed: ~13m, remaining: ~7m) 3305/3495 tested (455 survived, 29 timed out)
Mutation testing 66% (elapsed: ~13m, remaining: ~6m) 3319/3495 tested (459 survived, 29 timed out)
Mutation testing 68% (elapsed: ~13m, remaining: ~6m) 3328/3495 tested (460 survived, 29 timed out)
Mutation testing 69% (elapsed: ~14m, remaining: ~6m) 3333/3495 tested (461 survived, 29 timed out)
Mutation testing 70% (elapsed: ~14m, remaining: ~5m) 3340/3495 tested (462 survived, 29 timed out)
Mutation testing 75% (elapsed: ~14m, remaining: ~4m) 3363/3495 tested (462 survived, 29 timed out)
Mutation testing 76% (elapsed: ~14m, remaining: ~4m) 3369/3495 tested (462 survived, 29 timed out)
Mutation testing 79% (elapsed: ~14m, remaining: ~3m) 3385/3495 tested (462 survived, 29 timed out)
Mutation testing 83% (elapsed: ~14m, remaining: ~3m) 3405/3495 tested (463 survived, 29 timed out)
Mutation testing 83% (elapsed: ~15m, remaining: ~2m) 3410/3495 tested (463 survived, 29 timed out)
Mutation testing 85% (elapsed: ~15m, remaining: ~2m) 3418/3495 tested (464 survived, 29 timed out)
Mutation testing 86% (elapsed: ~15m, remaining: ~2m) 3422/3495 tested (464 survived, 29 timed out)
Mutation testing 86% (elapsed: ~15m, remaining: ~2m) 3426/3495 tested (465 survived, 29 timed out)
Mutation testing 88% (elapsed: ~15m, remaining: ~2m) 3434/3495 tested (466 survived, 29 timed out)
Mutation testing 89% (elapsed: ~15m, remaining: ~1m) 3441/3495 tested (467 survived, 29 timed out)
Mutation testing 92% (elapsed: ~16m, remaining: ~1m) 3453/3495 tested (468 survived, 29 timed out)
Mutation testing 95% (elapsed: ~16m, remaining: <1m) 3471/3495 tested (468 survived, 29 timed out)
Mutation testing 96% (elapsed: ~16m, remaining: <1m) 3478/3495 tested (469 survived, 29 timed out)
Mutation testing 97% (elapsed: ~16m, remaining: <1m) 3482/3495 tested (469 survived, 29 timed out)
Mutation testing 98% (elapsed: ~16m, remaining: <1m) 3486/3495 tested (471 survived, 29 timed out)
Mutation testing 98% (elapsed: ~16m, remaining: <1m) 3488/3495 tested (472 survived, 29 timed out)

All tests
  body-tools.test.ts
    ✓ a destructured operation logger stays the same and sends every level in order (killed 3)
    ✓ a destructured resource logger stays the same and keeps the level threshold (killed 3)
    ✓ a resource keeps its observation tools and exports manual events and children (killed 1)
    ✓ a caught operation raise carries its span before the body reads observation tools (killed 3)
    ~ a caught resource raise carries its span before the factory reads observation tools (covered 380)
  cache.bench.test.ts
    ~ a cached resource resolve allocates no promise on the hot path (covered 226)
  call-signal-hooks.test.ts
    ✓ a call signal stops a run hook before it can start the body (killed 5)
    ✓ a call signal stops a session hook before it can start the body (killed 5)
    ✓ a signalled run keeps hook access alive through graceful close (killed 3)
    ✓ a write hook shares the call signal with its active body (killed 4)
  call-signal.test.ts
    ✓ an already aborted call starts no body and leaves its caller alive (killed 9)
    ✓ a call signal stops a nested wait before the retry clock advances (killed 12)
    ~ a cancelled call waits for its cleanup before it settles (covered 673)
    ✓ a distinct error after call cancellation remains a handled failure (killed 3)
    ✓ a call signal gives sync inline work its own data and session resource lifetime (killed 4)
    ✓ a signalled call keeps input parsing, tags, and its namespace (killed 9)
    ~ a synchronous body sees call cancellation with the exact reason (covered 572)
    ✓ abort during tag-list setup cannot slip past call cancellation (killed 3)
    ~ graceful owner close still permits cancellation of an active call (covered 675)
    ~ forced owner close cancels a call even when its supplied signal stays live (covered 658)
  caught-subflow.test.ts
    ✓ scope untagged run resolves when its caller catches a managed subflow error (killed 3)
    ~ scope tagged run resolves when its caller catches a managed subflow error (covered 613)
    ~ session untagged run resolves when its caller catches a managed subflow error (covered 439)
    ~ session tagged run resolves when its caller catches a managed subflow error (covered 624)
    ✓ a graceful parent close keeps success when a running tagged subflow's managed error is caught (killed 4)
    ✓ a subflow failure that escapes its caller fails the session (killed 14)
    ✓ an unreceived subflow that fails after its caller returns fails the session (killed 1)
    ~ a dropped subflow's panic while its caller runs fails the session (covered 628)
    ~ a dropped subflow's error while its caller runs does not fail the session (covered 608)
    ~ an awaited catch of a managed subflow error leaves the session successful (covered 433)
    ~ catch after finally receives the managed subflow error (covered 433)
    ~ a then rejection handler receives the managed subflow error (covered 433)
    ~ an awaited catch after fulfillment-only then receives the managed subflow error (covered 433)
    ~ a managed subflow error caught in an operation defer does not fail the session (covered 565)
    ~ a returned managed subflow error received by an outer caller does not fail the session (covered 447)
    ~ Promise.all receives both managed subflow errors when its caller catches them (covered 447)
    ~ a handler attached by a later timer cannot undo an unreceived failure (covered 536)
    ✓ a caught subflow closes its own span failed and its caller span ok (killed 1)
    ~ a forced close after a caught managed subflow error cancels the session (covered 543)
    ✓ a controller subflow's managed error caught by its caller leaves the session successful (killed 1)
    ~ an unreceived controller subflow fails its session (covered 535)
    ~ an unreceived tagged subflow fails its parent session (covered 712)
    ~ a catch after its caller returns does not undo an orphan failure (covered 536)
    ~ an orphan reports the original failure once (covered 627)
    ~ an async subflow that succeeds exports an ok span (covered 443)
    ~ a caught managed error two subflows deep does not fail the session (covered 433)
  clock.test.ts
    ✓ a test-clock sleep with an already-aborted signal rejects with the abort reason (killed 3)
    ✓ a system-clock sleep with an already-aborted signal rejects with the abort reason (killed 2)
    ✓ the system clock's nanos advance with wall time (killed 7)
    ~ a system-clock sleep with no signal resolves (covered 239)
    ✓ a system-clock sleep with a live signal resolves (killed 2)
    ✓ due test-clock sleeps wake earliest-first (killed 7)
    ✓ a system-clock sleep cleans its timer after an abort (killed 1)
    ✓ a test-clock sleep set into the past wakes at once (killed 1)
    ✓ a span's start and end read the scope's test clock (killed 1)
    ✓ a log line's time reads the scope's test clock (killed 3)
    ~ an explicit observe clock wins over the scope's clock (covered 300)
  closing.test.ts
    ✓ an idle session close aborts its resource and session hook closing signals (killed 44)
    ✓ a close hook's first closing read is already aborted (killed 9)
    ✓ closed settles when a session cleanup makes the first root close (killed 20)
    ✓ a root without a stop signal closes from a session cleanup (killed 3)
    ✓ a graceful root close ends a resource-owned wait before draining work (killed 1)
    ~ a graceful session close ends a resource-owned wait before draining work (covered 676)
    ~ graceful closing fires now while work and resource cleanup still wait (covered 746)
    ✓ a parent's closing fires in its child before a close hook waits (killed 7)
    ✓ the first closing read after a parent starts closing is already aborted (killed 5)
    ~ closing one session leaves its parent and sibling closing signals live (covered 593)
    ✓ forced close still stops work through the work signal and rolls back (killed 4)
    ~ a closing signal first read after close is aborted (covered 375)
    ✓ a graceful parent close ends a wait inside a running session body (killed 1)
    ✓ run, resolve, and write hooks read their owner's closing signal (killed 13)
  data.test.ts
    ✓ an empty nested list reads frozen (killed 1)
    ✓ a data controller get reads the latest write (killed 1)
    ~ a scope with empty tag bindings reads defaults (covered 265)
    ✓ an operation depending on a non-unit fails with InvalidDependency (killed 5)
  derived-close.test.ts
    ~ graceful close does not join a never-ending then callback (covered 449)
    ✓ graceful close reports an orphan without joining its never-ending catch callback (killed 2)
    ~ forced close does not join a never-ending then callback (covered 459)
    ~ forced close reports an orphan without joining its never-ending catch callback (covered 552)
    ~ an awaited slow rejection handler receives a managed error while its gate is closed (covered 518)
    ~ a caller awaiting finally can catch the original managed subflow error (covered 433)
    ✘ a detached callback rejection after its root closes belongs to the host (covered 0)
    ✘ a detached callback rejection after its session closes belongs to the host (covered 0)
    ~ an async subflow returns a native promise that Promise.resolve keeps (covered 353)
  entry.test.ts
    ✘ the main entry keeps test helpers in the testing entry (covered 0)
  errors.test.ts
    ✓ isError rejects a plain error with no kind (killed 3)
    ~ isError rejects a real error of the wrong kind (covered 242)
  ext-hooks-layers.test.ts
    ~ a tagged run invokes its hook once with the original call (covered 683)
    ~ a subflow run invokes its hook once (covered 520)
    ~ a tagged run in a session invokes its hook once (covered 707)
    ~ an inline run in a session invokes its hook with the inline config (covered 584)
    ~ a run hook that skips next stops a subflow with its substitute (covered 520)
    ~ a run hook that throws stops a subflow before its body (covered 680)
    ~ an async run hook keeps a dropped subflow's rejection on the scope (covered 682)
    ~ a namespaced write invokes its hook once (covered 422)
    ~ two run hooks keep registration order on a subflow (covered 520)
    ~ two hooks keep registration order on a child layer (covered 691)
  extension-context.test.ts
    ✓ graceful close joins a root run hook waiting before next (killed 24)
    ~ graceful close joins a root run hook waiting after next (covered 552)
    ✓ forced close cancels a hook waiting before next without a late body (killed 14)
    ~ forced close cancels a hook waiting after next without a late body (covered 639)
    ✓ a hook resolve holds its resource through release and run cleanup (killed 37)
    ✓ a hook controller holds its resource through release and run cleanup (killed 7)
    ✓ run access follows the session owner and inherited or explicit namespace chain (killed 23)
    ✓ tagged events use the actual child and fire each hook once (killed 15)
    ✓ write and resolve events bind access and cleanup to their owner (killed 7)
    ✓ start and close events share only their own root resource (killed 6)
    ✓ hook-started actions share the active trace and run cleanup (killed 9)
    ✓ a dropped hook-started action keeps its failure on the owner (killed 6)
    ✓ a hook can settle a child failure without failing its owner (killed 7)
    ✓ an event union narrows its payload by kind (killed 5)
    ✓ saved controllers stay usable through a waiting hook and its graceful cleanup (killed 21)
    ✓ a saved operation settle returns cancellation when its waiting hook is forced closed (killed 3)
    ✓ a saved operation settle returns failed Disposed after its hook ends (killed 3)
    ✓ concurrent and repeated closes join the same root hook once (killed 1)
    ✓ a hook that returns a substitute still joins its started body (killed 5)
    ✓ resource contexts expose the namespace chain used by their dependencies (killed 3)
    ~ a hook can refuse raw input before its parser runs (covered 485)
    ✓ catching a body's panic in its hook does not erase the owned failure (killed 1)
    ✓ an unreturned body keeps its span open and records its failure (killed 7)
    ✓ a saved event raise keeps one run in the failure path after next (killed 6)
  extensions.test.ts
    ✓ a write chain skips an extension with no write hook (killed 6)
    ~ a write chain that skips still refuses when the writer denies (covered 379)
    ~ three write hooks nest in registration order (covered 416)
    ✓ three resolve hooks nest in registration order (killed 2)
    ~ a scope with no resolve hooks reads straight through (covered 336)
    ~ a session chain is installed only when a hook exists (covered 546)
    ✓ three run hooks nest in registration order (killed 1)
    ~ two close hooks nest in registration order (covered 281)
    ~ a scope with no close hooks closes straight through (covered 286)
    ~ a forced close with a close hook still settles cancelled (covered 293)
    ~ a close chain runs past an extension with no close hook (covered 281)
    ~ a resolve chain runs past an extension with no resolve hook (covered 368)
  index.test.ts
    ✓ reads a cell's initial value through the scope seam (killed 31)
    ✓ parse transforms the initial before the first read (killed 5)
    ✓ set and update are reflected on the next read (killed 18)
    ✓ watch fires once per real change, never on an eq-equal write; unsubscribe stops it (killed 16)
    ✓ a watcher reads the previous value beside the next (killed 5)
    ✓ an invalid write throws DataValidationFailed with a typed payload (killed 9)
    ✓ a zod schema is a parser as-is: the cell's type is inferred and a bad write carries the issues (killed 7)
    ✓ an operation's input takes a zod schema and delivers the schema's output (killed 26)
    ✓ an async schema is refused at the edge with SchemaAsync naming the vendor (killed 8)
    ~ an operation parses rawInput into typed input and returns synchronously (covered 214)
    ✓ read-mode dep delivers the current value; write-mode dep causes an effect (killed 9)
    ~ an operation runs on every run (never memoized) (covered 204)
    ✓ an operation composes a child operation through its controller (killed 3)
    ✓ a bare operation dependency is delivered as a subflow the caller invokes (killed 3)
    ✓ a resource depends on another resource and receives its instance (pool → tx) (killed 22)
    ✓ a resource dep is built before the body runs, whether or not the body reads it (killed 8)
    ✓ an async resource dep is delivered as its value: the body reads it without awaiting (killed 32)
    ✓ a run over a still-building async dep waits for the build, then runs with the value (killed 5)
    ✓ a failed async build fails the call before the body runs and stays failed until release (killed 42)
    ✓ resolve of an async resource keeps returning the same settled promise (killed 4)
    ✓ async is typed through the graph: an op over an async resource is an async op (killed 1)
    ~ a resource dep the factory reads twice builds once and caches (lazy access parity) (covered 292)
    ~ a write through an object inheriting from deps lands on the child, not on deps (covered 288)
    ✓ a required tag reads its binding, or its default when unbound (killed 26)
    ✓ a required tag with no binding and no default throws MissingTag (killed 4)
    ✓ optional reads a bound tag as present (killed 5)
    ✓ optional reads a missing tag as absent (killed 1)
    ✓ all returns every binding nearest-first, with no default fallback (killed 14)
    ✓ a tag binding is validated by parse (killed 2)
    ~ an async operation runs to its awaited value (covered 240)
    ✓ a rejecting async operation rejects with its cause, and settled still drains (killed 5)
    ~ dependency snapshots are captured at resolve time, before suspension (covered 332)
    ~ concurrent calls each keep their own input (covered 245)
    ~ concurrent calls finish in release order, not entry order (covered 245)
    ~ two scopes read back their own writes (covered 334)
    ~ a read in flight still sees the snapshot from before a later write (covered 332)
    ~ settled reports work as pending until it finishes (covered 237)
    ~ a session inherits its parent's data and tags (covered 418)
    ✓ a session write shadows locally (copy-on-write); the parent is unchanged (killed 2)
    ✓ inherited watchers react to parent writes until the child shadows (killed 4)
    ~ a watcher subscribed after a write still fires when the value returns to the initial (covered 193)
    ~ a watcher joining after the value returned still fires on the next change (covered 199)
    ~ the same listener subscribed twice fires twice, and one unsubscribe leaves the other (covered 199)
    ~ a watcher registered before a child shadows still sees the parent's later write (covered 229)
    ~ nested tags: nearest layer wins, and .all collects nearest-first across layers (covered 346)
    ~ a nearer shadow invalidates a descendant's cached effective cell (covered 210)
    ✓ a closed scope's held controller still reads the initial value (killed 16)
    ✓ close runs children first, then userland onClose hooks in LIFO order (killed 9)
    ✓ close joins in-flight operation work before completing (killed 4)
    ✓ a closed scope is sealed: late access and late writes fail with Disposed (killed 7)
    ✓ a throwing onClose hook does not stop the others, and its cause surfaces (killed 1)
    ~ close is idempotent: hooks run once (covered 259)
    ✓ a hook that re-enters close does not run teardown twice (killed 1)
    ✓ close joins operation work started before the operation's first await (killed 3)
    ~ a scope resource builds once: two resolves share one instance (covered 226)
    ✓ a resource factory sees its owner-bound deps (killed 5)
    ✓ resource cleanup runs on close (killed 29)
    ✓ get() before resolve fails with NotResolved (killed 3)
    ✓ get() through a closed session fails with Disposed, not a stale value (killed 1)
    ✓ resolve() through a controller whose owner has closed fails with Disposed (killed 5)
    ✓ a resource factory that resolves itself fails with CircularResource (killed 4)
    ~ concurrent resolves of an async resource share one in-flight build (covered 245)
    ~ a resolved async resource caches: a later resolve returns the same instance (covered 249)
    ✓ close awaits an in-flight async build before tearing down (killed 1)
    ~ an async build that completes during close does not publish and close stays clean (covered 408)
    ✓ cleanup registered by an in-flight factory during close still runs (killed 2)
    ~ an async resource whose factory returns an augmented thenable resolves to the awaited value (covered 245)
    ~ a scope-target resource is one instance shared across sessions (covered 237)
    ✓ a session-target resource builds once per session, distinct across sessions (killed 2)
    ✓ a scope resource requiring a session-only tag fails with MissingTag (killed 1)
    ✓ a session resource reads its owner-bound session data and tags (killed 1)
    ✓ session(fn) success commits via onOutcome; a thrown error rolls back and propagates (killed 42)
    ✓ a throwing onOutcome is aggregated, keeps the outcome, and does not stop other hooks (killed 3)
    ✓ session(fn) closes the child automatically after fn returns (killed 4)
    ✓ owned async work that fails settles the session outcome as failed and surfaces its cause (killed 12)
    ✓ closing the parent while a session runs joins the body and rolls back on its failure (killed 3)
    ✓ an ancestor failure force-closes its subtree: a nested child's resource rolls back (killed 5)
    ✓ a factory context is dead after a synchronous throw: a late onOutcome fails (killed 5)
    ✓ settled() inside session(fn) drains owned work without waiting on the body itself (killed 2)
    ✓ a leaf failure bubbles out through nested sessions to the caller and rolls back the leaf (killed 9)
    ✓ a teardown hook that returns its own close() does not hang (killed 10)
    ✓ closing a parent whose owned work awaits a child's onClose does not deadlock (killed 2)
    ~ a concurrent close during an async hook awaits the real teardown and its error (covered 273)
    ~ closing again after a close with teardown errors re-reports them (covered 272)
    ~ when owned work and the body both fail, the body cause is primary for hook and caller (covered 846)
    ✓ releasing a resource runs its cleanup and a re-resolve rebuilds a new instance (killed 9)
    ~ a build in flight when its resource is released never publishes (covered 367)
    ✓ releasing a data cell resets it to its initial value and notifies watchers (killed 5)
    ✓ an old build settling after release does not drop the replacement build (killed 1)
    ✓ an old build rejecting after release does not fail a session that got the replacement (killed 3)
    ~ a rejected build is sticky: a re-resolve without release returns the same rejection, one build (covered 442)
    ~ releasing a rejected resource lets a re-resolve rebuild a fresh instance (covered 564)
    ✓ releasing a dependency cascades to a dependent whose build had rejected, so it rebuilds (killed 12)
    ~ two sessions share one scope-target resource's sticky rejection (one build) (covered 492)
    ✓ release drops only the resource's cleanup, not a shared onClose callback (killed 9)
    ✓ a release triggered during a factory prevents that build from publishing (killed 3)
    ✓ releasing a resource whose owner is already closing fails with Disposed (killed 1)
    ✓ a nested release inside a release cleanup does not hang close (killed 5)
    ~ a release cleanup that returns its own close does not hang (covered 701)
    ✓ a session-owned build that rejects during auto-close fails the session (killed 3)
    ✓ a release cleanup that rejects surfaces as secondary (killed 6)
    ~ releasing a resource cascades to its dependent exactly once; upstream untouched (covered 393)
    ~ a diamond release cascades to the shared dependent exactly once (covered 633)
    ~ a release cascade rebuilds the dependent resource without re-running the operation (covered 537)
    ✓ a throwing cleanup mid-cascade still drops every dependent's cache (killed 2)
    ✓ releasing the head of a deep chain does not overflow the stack (killed 1)
    ~ a throwing watcher during release still runs the cleanups (covered 679)
    ~ an old build's late rejection does not detach the replacement's edges (covered 478)
    ✓ releasing a scope resource cascades to its dependent instances in each session (killed 5)
    ✓ a sibling session that did not depend on the released scope resource is unaffected (killed 1)
    ~ a closed session's dependency edges are pruned so a later release skips it (covered 510)
    ✓ releasing a scope resource skips a closing session and still releases the others (killed 13)
    ~ a session cleanup that closes the root does not deadlock (covered 839)
    ✓ releasing a parent session's resource does not touch a child session's own instance (killed 4)
    ✓ closing an unrelated scope from a cleanup awaits its real teardown and surfaces its error (killed 2)
    ✓ resolving an operation with a subflow yields a parent-linked span tree (killed 13)
    ✓ two interleaved async operations link each leaf span to its own parent (killed 4)
    ✓ observation off gives ctx.obs.span undefined and no retained spans (killed 5)
    ✓ a throwing exporter does not fail the operation (killed 3)
    ✓ history is bounded and toggles independently of export and logging (killed 11)
    ~ observation on keeps the operation's returned value identity (behavior-neutral) (covered 320)
    ~ an async exporter that rejects is isolated (no unhandled rejection, op unaffected) (covered 299)
    ~ a throwing logger does not fail the operation (covered 242)
    ✓ a bare log call is info; the four methods carry their level to the sink (killed 2)
    ✓ the config level drops every line below the threshold (killed 1)
    ✓ a span for an operation whose setup throws is still closed and exported as failed (killed 1)
    ~ a manual child span does not consume a non-promise thenable's then (covered 318)
    ~ a sink returning a thenable whose then getter throws is isolated (covered 297)
    ✓ a shared resource used by two operations links a used edge to each caller span (killed 11)
    ~ resource value identity is unchanged with observation on (no wrapping) (covered 300)
    ✓ an async resource build opens and closes a balanced span (killed 2)
    ✓ a data preset is seen by a downstream operation, validated by parse (killed 15)
    ~ a data preset value runs through parse and can be rejected (covered 97)
    ✓ an operation preset replaces the run for a downstream subflow (killed 5)
    ~ an operation preset replaces the run for a direct run too (covered 250)
    ~ a preset is scoped to its scope, not the node globally (covered 291)
    ~ a void-input operation is always delivered as a callable subflow, never a value (covered 234)
    ✓ a subflow call with input skips parse; rawInput runs parse (killed 1)
    ✓ a tagged scope.run binds the whole flow: the run, a subflow, and a nested subflow read the call's tags (killed 8)
    ~ an undefined input is treated as absent, so rawInput is parsed (no NaN leak) (covered 214)
    ~ a never-parse operation still takes its input at the seam (covered 295)
    ~ a resource preset replaces the built instance for downstream consumers (covered 423)
    ✓ a resource preset is built once per owner and cached (killed 4)
    ~ a resource preset's cleanup runs when the owner closes; the real factory never runs (covered 582)
    ~ an async resource preset resolves to its awaited value (covered 302)
    ~ a resource preset receives the resolved deps, delivered untyped (narrow at use) (covered 361)
    ✘ a unit takes no meta: the option is a type error and the handle has no field (covered 0)
    ✓ scope and session tags take the same authored shape: a binding, nothing, or a nested list (killed 3)
    ~ a call's tags take the authored shape: a single binding opens the session, a nested nothing does not (covered 386)
    ✓ presets and extensions take the same authored shape: nested lists and false are read flat (killed 16)
    ✓ close runs defers in reverse registration order (LIFO) (killed 1)
    ~ a later onClose runs before an earlier resource defer (layer-wide LIFO) (covered 560)
    ✓ a dependent's defer runs before its dependency's (registration order) (killed 4)
    ✓ an operation defer sees success on a clean run (killed 7)
    ✓ an operation defer sees failed when the run throws (killed 5)
    ~ an operation context carries no borrow or drain handle (covered 196)
    ✓ a resource cleanup rolls back on a forced close, commits on a graceful close (killed 3)
    ✓ close aborts ctx.signal so a parked op stops cleanly (killed 7)
    ~ a streaming operation writes a data cell over time; a watcher sees it grow (covered 358)
    ✓ a real late owned failure during close still surfaces (cancel-clean is only the abort reason) (killed 2)
    ✓ a cancelled session rejects rather than resolving undefined (killed 7)
    ✓ a throwing defer is aggregated as TeardownFailed and does not stop other defers (killed 1)
    ~ closing a scope with thousands of defers settles cancelled with no teardown errors (covered 551)
    ✓ an interrupted session resource sees cancelled, not success (killed 1)
    ~ closing a deeply nested scope tree does not overflow (covered 278)
    ✓ an owned rejection with an undefined cause keeps that cause (killed 9)
    ✓ teardown errors are aggregated in execution order (killed 4)
    ✓ close aborts children created by a still-running nested body (killed 10)
    ✓ a settled body result survives a later interrupt (killed 4)
    ✓ a session that completes before any cancel keeps its success (Q5) (killed 2)
    ✓ close keeps a child's real failure and cleanup error while waiting for its parent's body (killed 21)
    ✓ close keeps a grandchild's real failure while its ancestor awaits its body (killed 3)
    ✓ close keeps a session grandchild's failure while its ancestor awaits its body (Q5) (killed 2)
    ✓ close collects a child born and finished during its ancestor's body wait (killed 2)
    ✓ close collects a session child born and finished during its ancestor's body wait (killed 1)
    ~ a parent close preserves a real owned failure in an interrupted child (covered 844)
    ~ a collecting parent gets a child's winning body failure, not its caught owned-work error (covered 583)
    ✓ a graceful close still force-rolls-back children when the scope already failed (killed 1)
    ~ a child still closing when its parent close is called is collected (graceful=false) (covered 551)
    ~ a child still closing when its parent close is called is collected (graceful=true) (covered 548)
    ✓ a descendant failure known before the cascade rolls back the remaining child (killed 2)
    ✓ a failure collected from an earlier child rolls back the next child (killed 4)
    ~ a first graceful child close after an ancestor abort still rolls its resource back (covered 667)
    ~ a body that rejects with a surfaced failure reports it over a caught owned-work error (covered 571)
    ~ an own body failure wins even when an ancestor reports the same cause (covered 858)
    ~ a body that rejects with a primitive closes with that value as the failure error (covered 551)
    ~ a later session throwing a reused error fails with it (covered 891)
    ~ a later session's teardown records its own body failure (covered 665)
    ~ closing a manual child does not demote its parent's own body failure (covered 854)
    ~ a manual child's earlier close does not swallow the body's own throw of the same cause (covered 667)
    ✓ a diamond release tears down dependents before dependencies (reverse registration) (killed 7)
    ✓ release waits for an in-flight op borrowing the resource before running its cleanup (killed 10)
    ~ a sync op borrowing a released resource does not delay its cleanup (covered 608)
    ~ releasing a scope resource waits for a cross-owner op that borrowed it (covered 836)
    ~ release keeps a scope dependency alive while a child op borrows its dependent (covered 915)
    ~ release keeps a scope dependency alive until a child resource's async cleanup finishes (covered 792)
    ✓ release keeps a borrowed resource alive until async cleanup finishes (killed 4)
    ~ release waits for a child borrower even when its resource has no defer (covered 928)
    ~ release keeps a borrowed resource alive when the op throws first (covered 857)
    ~ release waits for a borrower before running a defer registered by an in-flight build (covered 811)
    ✓ a superseded build's late defer leaves the rebuilt resource alive in cache (killed 4)
    ~ a cross-owner release leaves a dependency rebuilt by child cleanup alive in cache (covered 847)
    ✓ cross-owner release tears down a descendant dependent before its ancestor dependency (killed 1)
    ~ release during dependency resolution waits for the operation's cleanup (covered 803)
    ~ a clean scope closes success when graceful and never throws (covered 155)
    ✓ a clean scope closes cancelled when forced (killed 6)
    ~ a second close returns the owned Result and never throws (covered 272)
    ✓ an operation reads the scope's clock, and advancing it moves later reads (killed 5)
    ✓ a resource factory reads the scope's clock (killed 1)
    ✓ the test clock handles fractional virtual time: truncated millis, precise nanos (killed 6)
    ✓ the default scope clock reads real wall-clock time (killed 1)
    ~ a child session reads its parent scope's clock (covered 368)
    ✓ setTime replaces the test clock's current time (killed 1)
    ✓ a resource factory that defaults its deps param still reads the injected clock (killed 2)
    ✓ a test-clock sleep resolves only once virtual time is advanced past it (killed 17)
    ✓ aborting a pending test-clock sleep rejects with the signal's reason (killed 3)
    ✓ a system-clock sleep rejects with the reason when its signal aborts (killed 6)
    ✓ a test-clock sleep of zero resolves without advancing time (killed 3)
    ✓ a forced close aborts an in-flight sleep: the run's defer sees cancelled and close settles cancelled (killed 6)
    ~ scope.resolve reads a data cell's current value with no subscription (covered 174)
    ~ scope.resolve builds a resource once and caches, like controller resolve (covered 226)
    ✓ scope.resolve reads a tag's nearest binding, default, and throws MissingTag when absent (killed 1)
    ~ scope.resolve delivers all and optional through a tag edge (covered 189)
    ~ scope.resolve delivers required through a tag edge, throwing MissingTag when absent (covered 166)
    ~ scope.run runs an operation now with rawInput (covered 252)
    ~ scope.run runs an operation with no call args (covered 209)
    ✓ scope.run and the operation controller share one lookup and one controller (killed 1)
    ✓ scope.run runs an inline operation with deps and ctx (killed 2)
    ~ scope.run runs an inline operation with no call: deps resolve and ctx.input is void (covered 256)
    ✓ a labelled inline run yields its name with a nested subflow under it (killed 3)
    ✓ an unlabeled inline run yields one span named inline (killed 1)
    ~ a forced close aborts an in-flight inline sleep: defer sees cancelled, close settles cancelled (covered 508)
    ~ an inline run receives a preset resource through the deps it names (covered 427)
    ~ the same inline config run twice shares nothing: two spans, two bodies (covered 278)
    ✓ a tagged run builds session resources in the flow and leaves scope resources at the root (killed 5)
    ✓ a tagged run's session closes when the run settles: success then failed (killed 5)
    ~ a tagged inline run behaves the same: the flow sees the tags (covered 363)
    ~ an untagged run builds a session resource at the root, with no session opened (covered 390)
    ✓ a tagged sync call that ended in place returns its value (ADR 0072) (killed 4)
    ~ a tagged call that must wait still returns a native promise (ADR 0072) (covered 440)
    ~ a scope with no extensions is ready at once on one shared promise (covered 167)
    ~ ready waits for an async start (covered 294)
    ✓ a rejected start rejects ready and fails the scope (killed 3)
    ~ start hooks nest: the first registered runs outermost (covered 294)
    ~ a start that skips next short-circuits the inner starts (covered 293)
    ✓ resolve(ext) fails with NotResolved before ready (killed 8)
    ✓ resolve(ext) reads the start value once ready (killed 7)
    ✓ a close hook wraps the structural close (killed 2)
    ✓ ctx.defer registered in start runs at close with the settled end (killed 4)
    ✓ ctx.signal aborts on a forced close (killed 1)
    ~ a session after ready has an already-resolved ready (covered 395)
    ✓ resolve of an extension that is not installed throws NotResolved (killed 3)
    ✓ a resolve hook wraps a cell read: before, next, after (killed 8)
    ~ a resolve hook that skips next short-circuits with a substitute (covered 382)
    ~ two resolve hooks nest in registration order (covered 362)
    ✓ a resolve hook also wraps tag and resource reads (killed 4)
    ✓ resolve(ext) bypasses the resolve chain (killed 1)
    ~ a session read bypasses the resolve chain (covered 454)
    ✓ a run hook wraps a declared operation call: before, next, after (killed 17)
    ~ a run hook that skips next refuses the call and the body never runs (covered 440)
    ~ two run hooks nest in registration order (covered 487)
    ~ a run hook sees an inline config too (covered 466)
    ~ a run hook passes the call through to the operation unchanged (covered 497)
    ✓ a tagged call opens its child session under the run hook (killed 2)
    ~ a session run from an extended scope passes through the run hook (covered 584)
    ✓ a write hook wraps controller(cell).set: before, next, after (killed 10)
    ~ a write hook that skips next refuses the write: value and watchers unchanged (covered 397)
    ~ two write hooks nest in registration order (covered 410)
    ~ update(fn) runs through the chain with the computed value (covered 419)
    ~ the wrapped cell controller is cached per cell (covered 332)
    ~ a cached write controller still rejects controller(cell) after close (covered 348)
    ~ resource and operation controllers from the extended handle stay plain (covered 447)
    ~ an operation controller from the extended handle stays plain (covered 329)
    ~ a session write from an extended scope passes through the write hook (covered 529)
    ✓ a dependency controller write passes through the layer's write hook (killed 1)
    ✓ two session hooks nest in registration order and both see success (killed 6)
    ✓ createSession plus an explicit close runs the chain: graceful success, forced cancelled (killed 8)
    ✓ session(fn) reports the close Result: success, a failed run, a forced close (killed 2)
    ✓ a tagged call runs the session chain once (killed 3)
    ~ a session created under a session is wrapped (covered 496)
    ~ a scope with no session hook runs session bodies and closes the child session (covered 293)
    ~ a scope with no session hook binds a tagged call's tags (covered 482)
    ✓ an operation depending on an extension receives the start value after ready (killed 2)
    ~ running an operation on a pending extension dependency raises NotResolved (covered 577)
    ~ an operation depending on an extension reads the start value (covered 487)
    ✓ a session hook that skips next still lets the session run and close (killed 1)
    ✓ a throwing session hook rejects the session with its error (killed 2)
    ~ a session felled by a forced parent close still settles next() as cancelled (covered 443)
    ✓ a session felled by a graceful parent close still settles next() as success (killed 2)
  instance-release.test.ts
    ✓ a late default dependency stays open through its dependent's async cleanup (killed 31)
    ✓ release finishes a borrowed client before its pool (killed 2)
    ✓ a watcher borrowing a replacement cannot hold the old instance (killed 4)
    ✓ a build rejected before release keeps its failed hook outcome (killed 13)
    ✓ interleaved resource hooks keep reverse registration order (killed 1)
    ~ interleaved release hooks keep reverse registration order (covered 703)
    ✓ a circular resource does not hold itself open after rejection (killed 3)
    ✓ two dependency slots keep one hold on the same instance (killed 8)
    ✓ release awaits interleaved async hooks in reverse registration order (killed 4)
    ✓ a dependency stays open through every hook of its dependent (killed 2)
    ~ close joins a release whose next hook is queued behind an async hook (covered 760)
    ~ a released build keeps its end when it rejects after release (covered 608)
    ~ release keeps its end when close joins a borrowed instance (covered 777)
    ✓ a named late client holds only its own dependency bucket (killed 16)
    ✓ a warm dependency stays open through its client's late build (killed 4)
    ✓ a warm hookless bridge holds its pool through a client's late build (killed 2)
    ✓ a child build keeps a preset root pool open through its hookless bridge (killed 5)
    ✓ closing a child waits for its late build while it holds a root pool (killed 2)
    ✓ a warmed context-aware pool without cleanup can feed a client (killed 1)
    ~ a hookless session client frees its hold on a root resource when it closes (covered 890)
    ~ a preset cleanup waits for a hookless dependent's late build (covered 748)
    ✓ a synchronous resource rejects defer after its factory finishes (killed 3)
    ✓ an asynchronous resource rejects defer after its factory finishes (killed 1)
    ✓ a late hookless build cannot replace the value built after release (killed 6)
    ✓ a hookless factory can retry after a synchronous failure (killed 3)
    ✓ a context-aware resource reports its build span (killed 1)
    ~ a late build gives its waiting run a value and ends its hook once as released (covered 813)
  lifetime.test.ts
    ✓ a rejected start rejects ready only after its forced cleanup ends (killed 7)
    ✓ a rejected start runs every close hook through the current handle (killed 1)
    ✓ a start that fails during close joins the hooks already running (killed 1)
    ✓ closed reports the start error after cleanup even when a stop was requested (killed 1)
    ✓ a stop requested before ready waits for start (already aborted: false) (killed 10)
    ✓ a stop requested before ready waits for start (already aborted: true) (killed 2)
    ✓ a stop lets in-flight work finish without aborting its ctx signal (killed 1)
    ~ a stop after a manual close does not run close hooks again (covered 302)
    ✓ a stop joins an object run hook through its cleanup (killed 3)
    ✓ a forced close joins the graceful close requested by the stop signal (killed 3)
    ~ closed stays pending while the root is open (covered 246)
    ✓ closed and repeated closes share the first close's Result (withData: false) (killed 3)
    ✓ closed and repeated closes share the first close's Result (withData: true) (killed 3)
    ~ closed waits for close hooks' after-work and keeps core's Result (covered 302)
    ✓ closed counts a close hook throw after next as a teardown error (killed 9)
    ✓ closed keeps close-hook and resource cleanup errors together (killed 1)
    ~ closed includes cleanup when a close hook skips next (throws: false) (covered 393)
    ~ closed includes cleanup when a close hook skips next (throws: true) (covered 407)
    ✓ the root drops its stop listener before any close hook runs (killed 2)
    ~ a signal close runs every close hook gracefully through the current handle (covered 305)
    ✓ only a root given a signal has closed and sessions take no signal (killed 1)
  named-child-watch.test.ts
    ✓ a child named watcher sees a parent's named write (killed 21)
    ✓ a grandchild named watcher sees a root named write (killed 3)
    ~ a child's own named entry shields its watcher from a parent's write (covered 413)
    ✓ a child's named entry skips comparisons in its subtree on a parent write (killed 4)
    ✓ a child's fallback chain sees its parent's write until the child shadows it (killed 2)
    ~ releasing a parent's named entry notifies a child watcher of its fallback (covered 466)
  named-release.test.ts
    ✓ a tagged subflow in a named run uses session hooks (killed 23)
    ✓ a failed async named build stays on its bucket until releaseNs (killed 69)
    ✓ a named run borrows the bucket selected after earlier dependencies resolve (killed 41)
    ✓ a named run borrows a replacement built after an earlier dependency releases it (killed 2)
    ✓ a named run keeps a late dependency cleanup alive through its dependent (killed 24)
    ✓ a named run keeps dependencies borrowed after its dependent is released (killed 3)
    ✓ a named run keeps a scope pool alive through its session client (killed 15)
    ✓ releaseNs cleans one resource bucket and close drains the buckets left behind (killed 24)
    ✓ release without ns drops every named resource bucket (killed 3)
    ~ releaseNs waits for its own live borrow but not a sibling namespace (covered 814)
    ✓ releaseNs keeps a dependency alive until its named dependent borrow ends (killed 1)
    ✓ release passed point-free to forEach releases each cell (killed 3)
    ✓ release(cell) resets every named entry at its layer (killed 8)
    ✓ release(cell) notifies a named watcher after resetting its entry (killed 3)
    ~ release(cell) calls only the child watcher that inherits its named entry (covered 558)
    ✓ release(cell) unlinks clients of its named entry, not a child's entry (killed 23)
    ✓ releaseNs still unlinks a new named client after release(cell) (killed 7)
    ✓ releaseNs resets one data bucket and leaves its sibling and default (killed 2)
    ~ releaseNs on named data invalidates only resources that read that bucket (covered 908)
    ✓ releaseNs on parent data invalidates a child resource that read its bucket (killed 3)
    ✓ releaseNs on parent data cleans child resources before parent resources (killed 6)
    ✓ releaseNs leaves a namespace-blind scope resource built (killed 2)
    ~ releaseNs waits for an async cleanup without a live borrow (covered 645)
    ~ release waits for a live borrow from a named bucket (covered 806)
    ✓ a late named resource build cleans up and never fills its released bucket (killed 2)
    ~ release supersedes a named build before its late cleanup registers (covered 774)
    ✓ a rebuilt chain dependent leaves its old fallback bucket (killed 1)
    ✓ a throwing named data watcher still runs the extracted release cleanup (N2) (killed 2)
    ✓ a failed named build's cleanup is still run by releaseNs (N3) (killed 2)
    ✓ a failed named build does not fill a sibling chain's fallback (N3) (killed 2)
    ✓ releasing a far named data bucket does not invalidate a client reading a nearer default (N6) (killed 2)
    ✓ releaseNs ignores data and resource buckets that were never built or already released (killed 2)
    ✓ releaseNs from a closed session cannot unlink the root's named pool (killed 1)
    ✓ releaseNs cannot unlink a root pool after its owner begins closing (killed 1)
    ~ releaseNs unlinks a namespace-target resource at the root from a child (covered 775)
    ~ a rebuilt named data dependent leaves its old fallback entry (covered 784)
    ~ releaseNs rebuilds a hookless named client without touching its sibling (covered 522)
    ✓ a fallback client survives release of a different pool bucket, with or without hooks (killed 4)
    ✓ a fallback client rebuilds when its selected pool bucket is released, with or without hooks (killed 2)
    ~ a rebuilt client drops the named resource link from its failed build (covered 537)
    ~ releaseNs on a named pool drops a dependent's sticky async failure (covered 668)
    ✓ releaseNs finishes a named diamond once, dependent before its pool (killed 4)
    ✓ releaseNs does not run a closing child's cleanup twice (killed 3)
    ~ closed sessions leave a root named pool usable for later clients (covered 837)
    ~ closed sessions leave a root named data entry usable for later clients (covered 826)
    ~ releaseNs on a root pool unlinks child clients built on that namespace (covered 859)
    ~ releaseNs notifies only chains containing the released key (covered 343)
    ~ releaseNs notifies a chain watcher of its fallback value (covered 343)
    ~ a watcher starting another namespace cannot hold the released instance (N4) (covered 1040)
    ~ a late named dependency finishes after its dependent (N5) (covered 931)
  namespaces.test.ts
    ✓ two namespaces split one cell; the default is untouched (killed 33)
    ✓ a tag chain [a, muse] finds the binding bound in muse (killed 28)
    ✓ ambient createSession({ ns }) resolves in that ns; a per-call ns wins for one run (killed 3)
    ✓ a child's own default write shadows a parent's namespaced write (layers-first) (killed 2)
    ✓ tags and cells both use layers-first chain order (killed 33)
    ~ a child session inherits the parent's ambient ns; its own ns replaces it (covered 533)
    ✓ a named write lands at (layer, first key) and never notifies a default watcher (killed 16)
    ✓ a subflow .run({ input, ns }) writes its own bucket; without ns it inherits the run's (killed 3)
    ✓ a tagged subflow inherits its named caller's namespace (killed 1)
    ✓ named calls keep the real layer lifecycle and extension registry (killed 7)
    ✓ a tagged subflow in a named run uses session hooks (killed 7)
    ~ pass-through extensions preserve namespaces for writes and resolves (covered 485)
    ✓ a session-target resource builds once in each namespace and reuses its warm bucket (killed 4)
    ✓ a resource chain reuses its fallback then switches to a nearer warm bucket (killed 3)
    ✓ a sync-failed named bucket is not filled by a sibling chain (killed 1)
    ✓ a named resource dependency reads a nearer default before a farther named entry (killed 31)
    ✓ namespace clients share one scope-target pool (killed 1)
    ~ namespace resources share a root bucket across request sessions (covered 500)
    ~ sessions without a namespace share one root default resource (covered 443)
    ✓ namespace resource dependencies see tenant and root tags but not request tags (killed 8)
    ✓ request transactions share their tenant database but not each other (killed 4)
    ✓ release waits for a request borrowing a namespace resource and clears all buckets (killed 12)
    ~ closing the root waits for a request and cleans each namespace bucket once (covered 807)
    ~ close waits for a named resource borrow and tears every bucket down once (covered 863)
    ✓ a scope-target resource is namespace-blind and keeps default storage clean (killed 2)
    ~ an ambient namespace cannot enter a scope-target resource build (covered 485)
    ~ namespace-blind scope builds keep tagged operation dependencies blind (covered 776)
    ~ invalid input rejects before dependencies build (covered 402)
    ~ a re-registered named watcher refreshes its comparison value (covered 327)
    ✓ a namespace-blind watcher observes default storage, never ambient tenant storage (killed 9)
    ✓ watchers with one head and different chains compare independently: head-first (killed 1)
    ~ watchers with one head and different chains compare independently: chain-first (covered 318)
    ✓ a named write compares only its namespace watcher among a thousand (killed 1)
    ~ a chain watcher sees its fallback key but not an unrelated key (covered 312)
    ✓ unsubscribing a chain watcher removes it from every named key (killed 2)
    ~ a chained watcher compares against the full resolved namespace chain (covered 318)
    ✓ an empty namespace chain is rejected (killed 2)
    ✓ a non-namespace ns value is a loud error, not a silent key (killed 3)
    ~ a watcher that writes during notify does not rob a later watcher of its change (covered 312)
    ✓ named and chained cell watches notify only when their resolved value changes (killed 1)
    ~ a failed named resource retries without leaking to a sibling chain (covered 524)
    ~ named tag all keeps repeated bindings through a chain (covered 277)
    ✓ ambient namespace survives child, tagged subflow, inline run, and imperative controllers (killed 2)
  observation.test.ts
    ✓ a manual child span exports its event (killed 4)
    ✓ a manual child span that returns a value closes as ok (killed 1)
    ✓ a manual child span that throws closes as failed and rethrows (killed 2)
    ✓ an async child span closes as ok when its promise resolves (killed 2)
    ✓ an async child span closes as failed when its promise rejects (killed 3)
    ✓ sibling spans carry distinct ids in call order (killed 1)
    ~ a run retains its span in history (covered 299)
  operations.test.ts
    ✓ a tagged call replays typed input inside the child session (killed 1)
    ✓ a tagged call replays raw input inside the child session (killed 3)
    ✓ a tagged call with no input still reads the call tags (killed 3)
    ✓ an operation writes through a data controller edge (killed 1)
    ~ a sync run retains its span in history before run returns (covered 304)
    ✓ a session body rejected with a primitive keeps its cause under close (killed 6)
  random.test.ts
    ✓ two scopes with the same seed replay the same next() stream (killed 1)
    ✓ two scopes with the same seed replay the same uuid() stream, each v4-shaped (killed 29)
    ✓ different seeds produce different next() streams (killed 2)
    ✓ uuid() yields a distinct id on each call (killed 2)
    ✓ makeTestRandom with no seed is a deterministic default generator (killed 2)
    ✓ a scope with no random option reads the system source (killed 3)
    ✓ the system source uses the native randomUUID when the page has it (killed 3)
    ✓ the system source still makes v4 ids where randomUUID is missing (plain-http browser pages) (killed 10)
    ~ a child session inherits the parent scope's injected random (covered 465)
  resources.test.ts
    ✓ a child session reads its parent's cell value (killed 4)
    ✓ releasing a resource drops its dependents so they rebuild (killed 4)
    ~ a throwing operation defer is aggregated as TeardownFailed (covered 447)
    ✓ releasing a cell cascades into a resource behind its controller edge (killed 6)
    ~ a released resource rebuilds with a fresh generation (covered 326)
    ~ releasing a data cell resets it and releases only its dependents (covered 268)
    ✓ a factory that declares no ctx fails its defer with Disposed (killed 5)
    ✓ a factory that declares no ctx still reads its abort signal (killed 1)
    ✓ a resource context hands the same abort signal on every read (killed 1)
    ✓ releasing one resource leaves another resource's cleanup in place (killed 5)
    ✓ releasing a mid-chain resource tears down each dependent once in order (killed 1)
    ~ a resource cleanup that rejects asynchronously lands in teardown errors (covered 575)
    ✓ a child session reads its parent's latest write (killed 6)
    ~ a child update builds on its parent's latest write (covered 206)
    ~ releasing a dependency after its dependent never tears down twice (covered 572)
    ✓ a release inside a run drains unrelated cleanups at once (killed 1)
    ✓ a build superseded twice never publishes its value (killed 5)
    ✓ a finished borrow is forgotten before the next release (killed 1)
    ~ a defer from a superseded build never joins the live rebuild's drain (covered 668)
    ✓ a failing start fails the scope with its cause (killed 1)
    ✓ a forced close aborts a nested grandchild session (killed 2)
    ✓ a rejection from a superseded build never goes sticky (killed 1)
    ✓ get on a rejected build returns its rejection (killed 1)
    ✓ concurrent resolves share one tracked build (killed 2)
    ✓ releasing a diamond leg then the root still tears down the other leg (killed 3)
    ✓ a build that releases itself still rebuilds on the next resolve (killed 1)
    ✓ a release waits for every borrower, not just the first done (killed 1)
  run-ctx.test.ts
    ~ a body behind a rest-parameter wrapper reads ctx (untagged) (covered 209)
    ~ a body with a defaulted ctx parameter reads the real ctx (untagged) (covered 209)
    ~ a body reading its second argument through `arguments` gets ctx (untagged) (covered 209)
    ~ a body behind a rest-parameter wrapper reads ctx (tagged) (covered 318)
    ~ a body with a defaulted ctx parameter reads the real ctx (tagged) (covered 318)
    ~ a body reading its second argument through `arguments` gets ctx (tagged) (covered 318)
  run-result.test.ts
    ✓ settle returns an async operation's success value (killed 18)
    ✓ settle classifies a registry-shaped Error as an error (killed 17)
    ✓ settle classifies a plain Error as a panic (killed 1)
    ✓ settle classifies a non-Error object with a kind and a payload as a panic (killed 2)
    ~ settle classifies an Error with a kind but no payload as a panic (covered 388)
    ✓ settle classifies an Error whose kind is not a string as a panic (killed 1)
    ✓ settle returns a primitive panic without an origin (killed 2)
    ~ settle returns the value when an operation returns under a forced close (covered 410)
    ~ settle returns what run returns when a body answers its abort with a value (covered 420)
    ~ settle reports cancellation when a body rejects with its abort reason (covered 466)
    ✓ settle mirrors run for a sync operation under a forced close (killed 3)
    ~ settle reports a cancel reason from another scope as a failure (covered 551)
    ✓ a forced close's cancel reason reads as AbortError text (killed 6)
    ~ a forced close's cancel reason is named AbortError (covered 169)
    ✓ a forced close's cancel reason inspects as AbortError text (killed 2)
    ✓ settle reports a foreign AbortError rejecting during a forced close as a failure (killed 2)
    ✓ settle reports cancellation when a forced close aborts its operation (killed 2)
    ✓ settle returns a sync Result for an untagged sync operation (killed 1)
    ✓ settle on a tagged sync call returns its Result directly when it ended in place (ADR 0072) (killed 10)
    ~ scope settle accepts a typed inline call without making it async (covered 298)
    ✓ scope settle on a tagged inline config: a Result in place, a native promise when it waits (ADR 0072) (killed 6)
    ✓ settle on an unknown-typed operation types as a Result or a promise of one (killed 1)
    ~ settle on a generic operation assigns to a Result or a promise of one (covered 336)
    ~ scope settle keeps an unknown-typed inline a Result or a promise of one (covered 303)
    ~ settle recovers a root operation's panic without failing the layer (covered 416)
    ✓ settle recovers through a bare operation dependency (killed 1)
    ✓ settle recovers through a controller edge (killed 3)
    ~ a settle call remains recovered when its caller finishes first (covered 514)
    ✓ a tagged settle failure does not bubble through a graceful parent close (killed 1)
    ~ settle returns a closed-scope error rather than throwing (covered 256)
    ✓ a sync throw gets the innermost run's origin (killed 8)
    ~ an async rejection gets the innermost run's origin (covered 517)
    ✓ three failed runs build a root-first origin path (killed 1)
    ~ originOf follows cause chains to a stamped error (covered 388)
    ✓ rethrowing an already-stamped error keeps its first origin (killed 2)
    ~ a sentinel error thrown on every settle keeps a one-run path (covered 431)
    ✓ a sentinel thrown by a tagged root run five times keeps a one-run path (killed 6)
    ✓ a sentinel thrown by a namespaced root run five times keeps a one-run path (killed 1)
    ✓ a tagged subflow keeps its caller in the path (killed 2)
    ~ a sibling rethrow does not extend the first path (covered 461)
    ✓ an observed origin carries the failed run's span id (killed 2)
    ~ an unobserved origin has no span id (covered 387)
    ✓ destructured operation raise sets kind, payload, and message at the throw site (killed 5)
    ✓ resource raise stamps the resource ctx before a run receives it (killed 3)
    ✓ an escaping operation raise adds its own run label only once (killed 1)
    ✓ an empty ctx raise gets its origin from the run it reaches (killed 2)
    ✓ extension raise stamps the start ctx (killed 3)
    ✓ a failed session close carries its error's origin (killed 1)
  run-seams.test.ts
    ✓ a cached controller refuses a tagged run once its scope closed (killed 3)
    ✓ a cached controller refuses an untagged run once its scope closed (killed 1)
    ✓ a tagged sync run that raises a managed error rejects with it (killed 7)
    ✓ a run's borrow is released after its sync defer, so a release and a close do not wait on it (killed 3)
    ✓ more than eight bindings on one layer: nearest wins and .all keeps authored order, newest first (killed 21)
    ✓ .all reads a handful of bindings across layers, nearest layer first, newest first (killed 5)
    ✓ a closed scope with session hooks refuses a new session (killed 2)
  session-end.test.ts
    ✓ a session that ended leaves its signal aborted: tagged=false, async=false (killed 4)
    ✓ a session that ended leaves its signal aborted: tagged=false, async=true (killed 2)
    ~ a session that ended leaves its signal aborted: tagged=true, async=false (covered 446)
    ~ a session that ended leaves its signal aborted: tagged=true, async=true (covered 544)
    ✓ a throwing then getter rejects the session and closes it (killed 4)
    ✓ a then getter is read once: the body value is the first read's (killed 3)
    ~ a then getter usable once still succeeds (covered 301)
    ✓ a watcher registered by the body sees an immediate parent write: ns=false (killed 7)
    ✓ a watcher registered by the body sees an immediate parent write: ns=true (killed 1)
    ✓ a leaked handle is disposed once the body returned: onClose raises Disposed (killed 12)
    ✓ a leaked handle is disposed once the body returned: resolve raises Disposed (killed 6)
    ✓ close({ withData: true }) keeps the data inside the body, and gets none after it (killed 13)
    ✓ a parent's forced close requested inside a sync body cancels the session (killed 17)
    ✓ a late close of a session that ended in place gets a Result of its own (killed 1)
  sessions.test.ts
    ✓ a session hook that throws before next still lets the body run and rethrows the hook error (killed 9)
    ✓ two session hooks see each ordered end in turn (killed 4)
    ✓ a body that rejects inside session fails the close with its cause (killed 3)
    ~ a session body that throws sync rejects the session with its cause (covered 290)
    ~ a cancelled session rejects with its reason (covered 182)
    ✓ a failing teardown inside session still reports the body failure (killed 5)
    ✓ a close re-entered during a failing teardown reports the failure (killed 5)
    ✓ a close re-entered during a clean forced teardown reports cancelled (killed 3)
    ~ a forced close with a cleanup still settles cancelled (covered 551)
    ~ settled stays pending until an operation's async cleanup finishes (covered 262)
    ✓ a wrapped session body that throws sync still drains cleanups then reports the cause (killed 4)
    ~ three session hooks nest in registration order (covered 485)
    ✓ a close hook sees the settled end (killed 1)
    ~ a graceful close through hooks settles success (covered 281)
    ~ a failing body with a failing cleanup reports both causes (covered 839)
    ✓ a session that ends cancelled rejects with its reason (killed 5)
    ~ session hooks wrap sessions nested two deep (covered 487)
    ~ a close re-entered from an async cleanup is still acknowledged (covered 562)
    ~ an operation that finishes after abort still sees cancelled (covered 438)
    ✓ a cleanup that closes another scope sees its real result (killed 4)
    ✓ a wrapped session cut by a forced close rejects (killed 1)
    ✓ a clean body with a failing cleanup still reports the cleanup (killed 3)
    ~ an idle scope's close still reports an operation cleanup that threw (covered 420)
  start-log.test.ts
    ~ extension start extension start logs before and after next reach the scope sink without a span (covered 355)
    ~ extension start a destructured extension start logger sends every level without span observation (covered 345)
    ~ extension start an info threshold drops extension start debug lines before reading the clock (covered 345)
    ✓ extension start extension start logging without a sink reads no clock or attributes (killed 1)
    ~ extension start a failed extension start delivers the log before its throw (covered 420)
    ~ extension start a throwing extension start log sink does not fail ready (covered 338)
    ✓ an extension close hook logs before and after next with the scope filter and clock (killed 9)
  step-log.test.ts
    ✓ an observed operation logs its label, elapsed time, outcome, level, and span (killed 9)
    ✓ a failed operation logs its failure at error level (killed 1)
    ✓ nested subflows log child before parent, once each (killed 3)
    ✓ an info threshold drops ok step lines but keeps failed ones (killed 1)
    ✓ logging without observation keeps ctx.log but emits no step line (killed 9)
    ~ observing without a log sink preserves operation and resource spans (covered 481)
    ~ a throwing step log sink does not change the run result (covered 314)
  sticky-panic.test.ts
    ✓ a panic caught with try/catch still fails its layer (killed 2)
    ✓ a panic received through settle leaves its layer successful (killed 4)
    ✓ settle recovers a panic that a nested subflow threw (killed 10)
    ✓ settle recovers a panic carried as the cause of the error it receives (killed 4)
    ✓ a panic swallowed inside a settled run still fails the layer (killed 1)
    ✓ settle recovers only the panic it receives, not one swallowed earlier (killed 2)
    ✓ a caught panic after an earlier failure leaves the first failure as the layer's error (killed 5)
    ~ a managed error caught with try/catch leaves its layer successful (covered 414)
    ~ a caught panic in a session run fails that session and not its parent (covered 510)
    ~ a caught panic in an inline run fails the scope it ran in (covered 414)
    ✓ a panic caught inside a tagged run fails the run's own session (killed 1)
    ✓ a tagged subflow's panic fails its caller's layer even when the caller catches it (killed 2)
    ~ a forced close after a caught panic settles failed, not cancelled (covered 555)
    ~ two caught panics in one layer leave the first as the layer's error (covered 439)
    ~ a caught panic before a failed resource build stays the layer's error (covered 588)
  tagged-frame-boundaries.test.ts
    ~ a run that touches nothing comes back as a value, and its tag was visible (covered 363)
    ~ an op-level defer runs before the value comes back and needs no session (covered 349)
    ✓ a write through a data-controller dep stays in the run's session (killed 5)
    ✓ a session resource built during the run lives in the run's session and is cleaned when it ends (killed 8)
    ✓ a watcher registered by the run keeps the session on the full path (killed 3)
    ✓ a first signal read attaches the session; the signal reads aborted once the run ended (killed 2)
    ✓ a signal read only after the run ended is aborted too (killed 1)
    ~ a panic in a sync tagged body fails the run's own session, not its parent (covered 579)
    ✓ a parent's forced close requested inside a sync tagged body cancels the run (killed 5)
    ✓ a tagged subflow inside a tagged run: the inner waits (a body is running), the outer waits for it (killed 2)
    ✓ a managed error raised by the run rejects the call and leaves the parent healthy (killed 3)
    ✓ a parent close requested while a tagged call's body is being adopted waits for the call (killed 1)
  tagged-frame.test.ts
    ✓ the first defer keeps reverse order and the run's end (killed 3)
    ✓ the first async defer keeps the tagged call pending (killed 13)
    ✓ the first signal read joins the parent's forced close (killed 5)
    ✓ a parent close inside an untouched tagged body sees that body (killed 5)
    ✓ the first write stays in the tagged session: named=false (killed 3)
    ✓ the first watcher sees a parent write before tagged close: named=false (killed 10)
    ✓ the first write stays in the tagged session: named=true (killed 3)
    ✓ the first watcher sees a parent write before tagged close: named=true (killed 6)
    ✓ the first resource build sees inherited namespaces and the call's tags (killed 5)
    ✓ the first nested tagged build owns its resource and both tag levels (killed 1)
    ~ the first dropped subflow is joined by tagged close (covered 624)
    ✓ a first panic fails the tagged session and leaves the root open (killed 3)
    ✓ the first nested panic keeps its caller in the error path (killed 3)
    ✓ session hooks read the first write after next and run hooks fire once (killed 11)
  tagged-lifetime.test.ts
    ✓ catching a subflow panic still fails its tagged session (killed 9)
    ✓ a sync cleanup error fails an otherwise empty tagged call (killed 3)
    ✓ a data controller from an idle tagged call refuses a late write (killed 1)
    ✓ a nested tagged watcher sees a root write before the nested body returns (killed 6)
    ✓ a later tagged sibling does not detach a live watcher (killed 1)
    ✓ a tagged call started by its parent's abort sees cancelled cleanup (killed 8)
    ✓ an ancestor collects a late tagged failure after that child has detached (killed 11)
    ✓ adopting a body's late then method keeps its tagged controller writable (killed 11)
    ✓ a forced parent close reaches a body adopted after its run returned (killed 1)
    ~ a tagged session adopts a callable made thenable by run cleanup (covered 555)
  tagged-wait.test.ts
    ~ wait: a promise body (covered 429)
    ~ wait: a defer registered by a session resource of the run (covered 837)
    ✓ wait: a session resource built for the run, even with no cleanup (killed 3)
    ✓ wait: a child session opened by the body (killed 1)
    ✓ wait: pending work the body did not await (killed 2)
    ✓ wait: a signal handed out, aborted once the run ended (killed 2)
    ~ wait: a failure rejects through a promise (covered 543)
    ~ wait: a session hook wraps the tagged call once (covered 682)
    ✓ wait: a tagged subflow called before its caller's first await; a value after it (killed 1)
    ✓ in place: a sync body on an idle session comes back as a value, and reads its tag (killed 2)
  trace.test.ts
    ✘ importing core draws no random values; the id stream seeds on the first observed span (covered 0)
    ✓ a root span has nonzero W3C ids before its body runs (killed 35)
    ✓ operation, resource, and manual children inherit the trace and name their parent span (killed 30)
    ~ two unseeded root spans start different traces (covered 416)
    ✓ span JSON keeps public fields, ids, attributes, and events without internal state (killed 21)
    ✓ a seeded random replays trace and span ids (killed 9)
    ~ reading ids later leaves the seeded random stream and ids unchanged (covered 434)
    ~ observation leaves seeded and custom user randomness unchanged (covered 825)
    ~ user random reads do not change seeded trace and child span ids (covered 502)
    ✓ seeded ids use generator bits in every hex position and stay nonzero (killed 7)
    ✓ observation off leaves the ambient random stream untouched (killed 2)
    ✓ a session copies its remote trace seed and child sessions inherit it (killed 14)
    ~ a session seed overrides its scope seed without changing siblings (covered 516)
    ~ a seeded subflow uses its local caller as parent and keeps the sampled flag (covered 542)
    ~ a null session seed starts a fresh trace without changing its parent (covered 537)
    ✓ a session seed follows direct resource builds to their scope owner (killed 1)
  with-data.test.ts
    ✓ a default close frees a session's data and returns none (killed 8)
    ✓ a withData close hands over what the session wrote, never what it inherited (killed 21)
    ✓ a family member and a namespaced session's cell read back from data (killed 4)
    ~ a graceful withData close keeps what in-flight work wrote before it settled (covered 570)
    ✓ a session hook reads the session's cells and tags after next (killed 21)
    ~ a session hook cannot write a cell or read a resource after next (covered 670)
    ✓ a hooked session's reads throw once its hooks return (killed 4)

[Survived] ConditionalExpression
src/errors.ts:66:58
-     return value !== null && (typeof value === "object" || typeof value === "function");
+     return value !== null && (typeof value === "object" || false);
Tests ran:
    session(fn) success commits via onOutcome; a thrown error rolls back and propagates
    closing the parent while a session runs joins the body and rolls back on its failure
    an ancestor failure force-closes its subtree: a nested child's resource rolls back
  and 38 more tests!


[Survived] ArrayDeclaration
src/errors.ts:82:28
-     const chain: unknown[] = [];
+     const chain: unknown[] = ["Stryker was here"];
Tests ran:
    span JSON keeps public fields, ids, attributes, and events without internal state
    three failed runs build a root-first origin path
    a sibling rethrow does not extend the first path
  and 3 more tests!


[Survived] StringLiteral
src/errors.ts:66:75
-     return value !== null && (typeof value === "object" || typeof value === "function");
+     return value !== null && (typeof value === "object" || typeof value === "");
Tests ran:
    session(fn) success commits via onOutcome; a thrown error rolls back and propagates
    closing the parent while a session runs joins the body and rolls back on its failure
    an ancestor failure force-closes its subtree: a nested child's resource rolls back
  and 38 more tests!


[Survived] CallExpression
src/errors.ts:75:5
-       seen.add(error);
+       ;
Tests ran:
    session(fn) success commits via onOutcome; a thrown error rolls back and propagates
    closing the parent while a session runs joins the body and rolls back on its failure
    an ancestor failure force-closes its subtree: a nested child's resource rolls back
  and 36 more tests!


[Survived] ConditionalExpression
src/errors.ts:112:7
-     if (ctx === undefined || stamp.by !== ctx)
+     if (false || stamp.by !== ctx)
Tests ran:
    span JSON keeps public fields, ids, attributes, and events without internal state
    a saved event raise keeps one run in the failure path after next
    a sync throw gets the innermost run's origin
  and 13 more tests!


[Survived] BlockStatement
src/errors.ts:118:51
-   export function closeOrigin(error: unknown): void {
-     const stamp = isObject(error) ? stamps.get(error) : undefined;
-     if (stamp) stamp.open = false;
-   }
+   export function closeOrigin(error: unknown): void {}
Tests ran:
    span JSON keeps public fields, ids, attributes, and events without internal state
    a hook can settle a child failure without failing its owner
    a saved operation settle returns failed Disposed after its hook ends
  and 30 more tests!


[Survived] ConditionalExpression
src/errors.ts:120:7
-     if (stamp) stamp.open = false;
+     if (false) stamp.open = false;
Tests ran:
    span JSON keeps public fields, ids, attributes, and events without internal state
    a hook can settle a child failure without failing its owner
    a saved operation settle returns failed Disposed after its hook ends
  and 30 more tests!


[Survived] BooleanLiteral
src/errors.ts:114:26
-     if (ends) stamp.open = false;
+     if (ends) stamp.open = true;
Tests ran:
    span JSON keeps public fields, ids, attributes, and events without internal state
    a saved event raise keeps one run in the failure path after next
    a sync throw gets the innermost run's origin
  and 10 more tests!


[Survived] ConditionalExpression
src/errors.ts:114:7
-     if (ends) stamp.open = false;
+     if (false) stamp.open = false;
Tests ran:
    span JSON keeps public fields, ids, attributes, and events without internal state
    a saved event raise keeps one run in the failure path after next
    a sync throw gets the innermost run's origin
  and 13 more tests!


[NoCoverage] StringLiteral
src/index.ts:1694:9
-     raise("InvalidDependency", { label: "edge", reason: "unknown controller target" });
+     raise("", { label: "edge", reason: "unknown controller target" });

[NoCoverage] ObjectLiteral
src/index.ts:1694:30
-     raise("InvalidDependency", { label: "edge", reason: "unknown controller target" });
+     raise("InvalidDependency", {});

[NoCoverage] StringLiteral
src/index.ts:1694:39
-     raise("InvalidDependency", { label: "edge", reason: "unknown controller target" });
+     raise("InvalidDependency", { label: "", reason: "unknown controller target" });

[NoCoverage] StringLiteral
src/index.ts:1694:55
-     raise("InvalidDependency", { label: "edge", reason: "unknown controller target" });
+     raise("InvalidDependency", { label: "edge", reason: "" });

[NoCoverage] StringLiteral
src/index.ts:2185:16
-       onSettle?.("ok");
+       onSettle?.("");

[NoCoverage] ObjectLiteral
src/index.ts:2595:43
-     if (call.rawInput !== undefined) return { rawInput: call.rawInput };
+     if (call.rawInput !== undefined) return {};

[NoCoverage] BlockStatement
src/index.ts:3045:30
-     get closing(): AbortSignal {
-       return closingOf(this.owner);
-     }
+     get closing(): AbortSignal {}

[NoCoverage] BlockStatement
src/index.ts:3201:14
-     if (prior) {
-       const queued = prior.then(finish, finish);
-       addWork(owner, queued);
-       queued.then(
-         () => owner.pending.delete(queued),
-         () => owner.pending.delete(queued),
-       );
-       return queued;
-     }
+     if (prior) {}

[NoCoverage] CallExpression
src/index.ts:3203:5
-       addWork(owner, queued);
+       ;

[NoCoverage] ArrowFunction
src/index.ts:3205:7
-         () => owner.pending.delete(queued),
+         () => undefined,

[NoCoverage] ArrowFunction
src/index.ts:3206:7
-         () => owner.pending.delete(queued),
+         () => undefined,

[NoCoverage] ArrowFunction
src/index.ts:3303:78
-         pending === undefined ? fn(deps, ctx) : settleDeps(deps, pending).then(() => fn(deps, ctx));
+         pending === undefined ? fn(deps, ctx) : settleDeps(deps, pending).then(() => undefined);

[NoCoverage] StringLiteral
src/index.ts:3591:29
-     if (state.building) raise("CircularResource", { label: target.label });
+     if (state.building) raise("", { label: target.label });

[NoCoverage] ObjectLiteral
src/index.ts:3591:49
-     if (state.building) raise("CircularResource", { label: target.label });
+     if (state.building) raise("CircularResource", {});

[NoCoverage] BlockStatement
src/index.ts:4968:23
-         } catch (error) {
-           reject(error);
-         }
+         } catch (error) {}

[NoCoverage] CallExpression
src/index.ts:4969:9
-           reject(error);
+           ;

[NoCoverage] BooleanLiteral
src/index.ts:5003:25
-     else if (hops >= 2 && !layer.lazy) nodeState(layer, target).eff = entry;
+     else if (hops >= 2 && layer.lazy) nodeState(layer, target).eff = entry;

[NoCoverage] BlockStatement
src/index.ts:5210:29
-     get clock(): Clock.Handle {
-       return this.owner.clock;
-     }
+     get clock(): Clock.Handle {}

[NoCoverage] BlockStatement
src/index.ts:5213:31
-     get random(): Random.Handle {
-       return this.owner.random;
-     }
+     get random(): Random.Handle {}

[NoCoverage] ArrayDeclaration
src/index.ts:5913:45
-     const runners = run.owner.exts.runners ?? [];
+     const runners = run.owner.exts.runners ?? ["Stryker was here"];

[NoCoverage] CallExpression
src/index.ts:5993:13
-     if (tail) drainAsync(tail, done);
+     if (tail) ;

[Survived] OptionalChaining
src/index.ts:764:3
-     (n as { [extensionSym]?: true } | null | undefined)?.[extensionSym] === true;
+     (n as {
+     [extensionSym]?: true;
+   } | null | undefined)[extensionSym] === true;
Tests ran:
    a tag binding is validated by parse
    scope.resolve reads a tag's nearest binding, default, and throws MissingTag when absent
    resolve(ext) fails with NotResolved before ready
  and 25 more tests!


[Survived] EqualityOperator
src/index.ts:767:29
-     (typeof v === "object" || typeof v === "function") &&
+     (typeof v === "object" || typeof v !== "function") &&
Tests ran:
    an operation's input takes a zod schema and delivers the schema's output
    an operation parses rawInput into typed input and returns synchronously
    read-mode dep delivers the current value; write-mode dep causes an effect
  and 272 more tests!


[Survived] ConditionalExpression
src/index.ts:767:29
-     (typeof v === "object" || typeof v === "function") &&
+     (typeof v === "object" || false) &&
Tests ran:
    an operation's input takes a zod schema and delivers the schema's output
    an operation parses rawInput into typed input and returns synchronously
    read-mode dep delivers the current value; write-mode dep causes an effect
  and 272 more tests!


[Survived] StringLiteral
src/index.ts:767:42
-     (typeof v === "object" || typeof v === "function") &&
+     (typeof v === "object" || typeof v === "") &&
Tests ran:
    an operation's input takes a zod schema and delivers the schema's output
    an operation parses rawInput into typed input and returns synchronously
    read-mode dep delivers the current value; write-mode dep causes an effect
  and 272 more tests!


[Survived] OptionalChaining
src/index.ts:760:3
-     (n as { [tagSym]?: true } | null | undefined)?.[tagSym] === true;
+     (n as {
+     [tagSym]?: true;
+   } | null | undefined)[tagSym] === true;
Tests ran:
    a bare operation dependency is delivered as a subflow the caller invokes
    a resource depends on another resource and receives its instance (pool → tx)
    a resource dep is built before the body runs, whether or not the body reads it
  and 139 more tests!


[Survived] OptionalChaining
src/index.ts:762:3
-     (n as { [edge]?: true } | null | undefined)?.[edge] === true;
+     (n as {
+     [edge]?: true;
+   } | null | undefined)[edge] === true;
Tests ran:
    read-mode dep delivers the current value; write-mode dep causes an effect
    an operation composes a child operation through its controller
    a bare operation dependency is delivered as a subflow the caller invokes
  and 217 more tests!


[Survived] ConditionalExpression
src/index.ts:767:4
-     (typeof v === "object" || typeof v === "function") &&
+     (true) &&
Tests ran:
    an operation's input takes a zod schema and delivers the schema's output
    an operation parses rawInput into typed input and returns synchronously
    read-mode dep delivers the current value; write-mode dep causes an effect
  and 566 more tests!


[Survived] ObjectLiteral
src/index.ts:913:32
-       raise("InvalidDependency", { label: "ns", reason: "empty namespace chain" });
+       raise("InvalidDependency", {});
Tests ran:
    an empty namespace chain is rejected


[Survived] BooleanLiteral
src/index.ts:811:61
-     return input === undefined || input === null || input === false;
+     return input === undefined || input === null || input === true;
Tests ran:
    a required tag reads its binding, or its default when unbound
    optional reads a bound tag as present
    all returns every binding nearest-first, with no default fallback
  and 271 more tests!


[Survived] ConditionalExpression
src/index.ts:811:51
-     return input === undefined || input === null || input === false;
+     return input === undefined || input === null || false;
Tests ran:
    a required tag reads its binding, or its default when unbound
    optional reads a bound tag as present
    all returns every binding nearest-first, with no default fallback
  and 271 more tests!


[Survived] StringLiteral
src/index.ts:913:55
-       raise("InvalidDependency", { label: "ns", reason: "empty namespace chain" });
+       raise("InvalidDependency", { label: "ns", reason: "" });
Tests ran:
    an empty namespace chain is rejected


[Survived] StringLiteral
src/index.ts:913:41
-       raise("InvalidDependency", { label: "ns", reason: "empty namespace chain" });
+       raise("InvalidDependency", { label: "", reason: "empty namespace chain" });
Tests ran:
    an empty namespace chain is rejected


[Survived] ObjectLiteral
src/index.ts:915:55
-       if (!isNamespace(key)) raise("InvalidDependency", { label: "ns", reason: "not a namespace" });
+       if (!isNamespace(key)) raise("InvalidDependency", {});
Tests ran:
    a non-namespace ns value is a loud error, not a silent key


[Survived] StringLiteral
src/index.ts:915:64
-       if (!isNamespace(key)) raise("InvalidDependency", { label: "ns", reason: "not a namespace" });
+       if (!isNamespace(key)) raise("InvalidDependency", { label: "", reason: "not a namespace" });
Tests ran:
    a non-namespace ns value is a loud error, not a silent key


[Survived] StringLiteral
src/index.ts:915:78
-       if (!isNamespace(key)) raise("InvalidDependency", { label: "ns", reason: "not a namespace" });
+       if (!isNamespace(key)) raise("InvalidDependency", { label: "ns", reason: "" });
Tests ran:
    a non-namespace ns value is a loud error, not a silent key


[Survived] StringLiteral
src/index.ts:854:33
-     const label = config.label ?? "anon";
+     const label = config.label ?? "";
Tests ran:
    reads a cell's initial value through the scope seam
    parse transforms the initial before the first read
    set and update are reflected on the next read
  and 85 more tests!


[Survived] ConditionalExpression
src/index.ts:975:16
-         (dep) => isResource(dep) && (dep as HookFlag)[mayHookSym] !== false,
+         (dep) => true,
Tests ran:
    a resource depends on another resource and receives its instance (pool → tx)
    a resource dep is built before the body runs, whether or not the body reads it
    an async resource dep is delivered as its value: the body reads it without awaiting
  and 50 more tests!


[Survived] LogicalOperator
src/index.ts:975:16
-         (dep) => isResource(dep) && (dep as HookFlag)[mayHookSym] !== false,
+         (dep) => isResource(dep) || (dep as HookFlag)[mayHookSym] !== false,
Tests ran:
    a resource depends on another resource and receives its instance (pool → tx)
    a resource dep is built before the body runs, whether or not the body reads it
    an async resource dep is delivered as its value: the body reads it without awaiting
  and 50 more tests!


[Survived] ConditionalExpression
src/index.ts:975:35
-         (dep) => isResource(dep) && (dep as HookFlag)[mayHookSym] !== false,
+         (dep) => isResource(dep) && true,
Tests ran:
    a resource depends on another resource and receives its instance (pool → tx)
    a resource dep is built before the body runs, whether or not the body reads it
    an async resource dep is delivered as its value: the body reads it without awaiting
  and 30 more tests!


[Survived] ConditionalExpression
src/index.ts:1234:7
-     if (settle === undefined) return closing;
+     if (false) return closing;
Tests ran:
    two session hooks nest in registration order and both see success
    createSession plus an explicit close runs the chain: graceful success, forced cancelled
    session(fn) reports the close Result: success, a failed run, a forced close
  and 28 more tests!


[Survived] ObjectLiteral
src/index.ts:1242:62
-     if (layer.closed && !hookCanRead(layer)) raise("Disposed", { reason: "scope is closed" });
+     if (layer.closed && !hookCanRead(layer)) raise("Disposed", {});
Tests ran:
    a closed scope is sealed: late access and late writes fail with Disposed
    get() through a closed session fails with Disposed, not a stale value
    resolve() through a controller whose owner has closed fails with Disposed
  and 15 more tests!


[Survived] StringLiteral
src/index.ts:1242:72
-     if (layer.closed && !hookCanRead(layer)) raise("Disposed", { reason: "scope is closed" });
+     if (layer.closed && !hookCanRead(layer)) raise("Disposed", { reason: "" });
Tests ran:
    a closed scope is sealed: late access and late writes fail with Disposed
    get() through a closed session fails with Disposed, not a stale value
    resolve() through a controller whose owner has closed fails with Disposed
  and 15 more tests!


[Survived] ConditionalExpression
src/index.ts:1285:9
-       if (cached !== undefined) return cached;
+       if (false) return cached;
Tests ran:
    reads a cell's initial value through the scope seam
    parse transforms the initial before the first read
    set and update are reflected on the next read
  and 84 more tests!


[Survived] ConditionalExpression
src/index.ts:1328:7
-     if (!s.cell) {
+     if (true) {
Tests ran:
    set and update are reflected on the next read
    watch fires once per real change, never on an eq-equal write; unsubscribe stops it
    a watcher reads the previous value beside the next
  and 66 more tests!


[Survived] ConditionalExpression
src/index.ts:1342:9
-       if (!child.nodes.get(target)?.cell) flushCell(child, target);
+       if (true) flushCell(child, target);
Tests ran:
    a session inherits its parent's data and tags
    a session write shadows locally (copy-on-write); the parent is unchanged
    inherited watchers react to parent writes until the child shadows
  and 10 more tests!


[Survived] ObjectLiteral
src/index.ts:1329:14
-       s.cell = { value: readCell(layer, target, chain) };
+       s.cell = {};
Tests ran:
    set and update are reflected on the next read
    watch fires once per real change, never on an eq-equal write; unsubscribe stops it
    a watcher reads the previous value beside the next
  and 66 more tests!


[Survived] ConditionalExpression
src/index.ts:1356:7
-     if (!cellEq(target, prev, next)) notifyLayer(rec, ws, next, prev);
+     if (true) notifyLayer(rec, ws, next, prev);
Tests ran:
    watch fires once per real change, never on an eq-equal write; unsubscribe stops it
    a watcher reads the previous value beside the next
    inherited watchers react to parent writes until the child shadows
  and 15 more tests!


[Survived] CallExpression
src/index.ts:1392:3
-     ensureOpen(layer);
+     ;
Tests ran:
    release(cell) resets every named entry at its layer
    release(cell) notifies a named watcher after resetting its entry
    release(cell) calls only the child watcher that inherits its named entry
  and 48 more tests!


[Survived] ConditionalExpression
src/index.ts:1404:7
-     if (bucket === undefined) {
+     if (true) {
Tests ran:
    release(cell) resets every named entry at its layer
    release(cell) notifies a named watcher after resetting its entry
    release(cell) calls only the child watcher that inherits its named entry
  and 48 more tests!


[Survived] ObjectLiteral
src/index.ts:1405:14
-       bucket = { value: seed };
+       bucket = {};
Tests ran:
    release(cell) resets every named entry at its layer
    release(cell) notifies a named watcher after resetting its entry
    release(cell) calls only the child watcher that inherits its named entry
  and 48 more tests!


[Survived] ConditionalExpression
src/index.ts:1438:20
-     const watchers = key === undefined ? nsWatchers.all : nsWatchers.byKey.get(key);
+     const watchers = true ? nsWatchers.all : nsWatchers.byKey.get(key);
Tests ran:
    release(cell) notifies a named watcher after resetting its entry
    release(cell) calls only the child watcher that inherits its named entry
    a namespace-blind watcher observes default storage, never ambient tenant storage
  and 1 more test!


[Survived] ConditionalExpression
src/index.ts:1378:7
-     if (cellEq(target, readCell(layer, target, chain), value)) return;
+     if (false) return;
Tests ran:
    set and update are reflected on the next read
    watch fires once per real change, never on an eq-equal write; unsubscribe stops it
    a watcher reads the previous value beside the next
  and 66 more tests!


[Survived] ConditionalExpression
src/index.ts:1439:7
-     if (!watchers?.size) return;
+     if (false) return;
Tests ran:
    release(cell) notifies a named watcher after resetting its entry
    release(cell) calls only the child watcher that inherits its named entry
    a namespace-blind watcher observes default storage, never ambient tenant storage
  and 1 more test!


[Survived] OptionalChaining
src/index.ts:1439:8
-     if (!watchers?.size) return;
+     if (!watchers.size) return;
Tests ran:
    release(cell) notifies a named watcher after resetting its entry
    release(cell) calls only the child watcher that inherits its named entry
    a namespace-blind watcher observes default storage, never ambient tenant storage
  and 1 more test!


[Survived] ConditionalExpression
src/index.ts:1485:10
-     return list && list.length ? { present: true, value: list[list.length - 1] } : undefined;
+     return true ? { present: true, value: list[list.length - 1] } : undefined;
Tests ran:
    more than eight bindings on one layer: nearest wins and .all keeps authored order, newest first


[Survived] LogicalOperator
src/index.ts:1485:10
-     return list && list.length ? { present: true, value: list[list.length - 1] } : undefined;
+     return list || list.length ? { present: true, value: list[list.length - 1] } : undefined;
Tests ran:
    more than eight bindings on one layer: nearest wins and .all keeps authored order, newest first


[Survived] ConditionalExpression
src/index.ts:1550:11
-         if (binding.tag === target) out.push(binding.value);
+         if (true) out.push(binding.value);
Tests ran:
    tags and cells both use layers-first chain order
    named tag all keeps repeated bindings through a chain
    the first resource build sees inherited namespaces and the call's tags


[Survived] OptionalChaining
src/index.ts:1597:21
-     return () => void rec.watchers?.delete(w);
+     return () => void rec.watchers.delete(w);
Tests ran:
    watch fires once per real change, never on an eq-equal write; unsubscribe stops it
    a watcher reads the previous value beside the next
    inherited watchers react to parent writes until the child shadows
  and 5 more tests!


[Survived] CallExpression
src/index.ts:1593:3
-     ensureOpen(layer);
+     ;
Tests ran:
    watch fires once per real change, never on an eq-equal write; unsubscribe stops it
    a watcher reads the previous value beside the next
    inherited watchers react to parent writes until the child shadows
  and 19 more tests!


[Survived] ConditionalExpression
src/index.ts:1602:7
-     if (rec.watchers?.size) return;
+     if (false) return;
Tests ran:
    watch fires once per real change, never on an eq-equal write; unsubscribe stops it
    a watcher reads the previous value beside the next
    inherited watchers react to parent writes until the child shadows
  and 19 more tests!


[Survived] ConditionalExpression
src/index.ts:1604:7
-     if (!cellEq(target, rec.notified, next)) rec.notified = next;
+     if (true) rec.notified = next;
Tests ran:
    watch fires once per real change, never on an eq-equal write; unsubscribe stops it
    a watcher reads the previous value beside the next
    inherited watchers react to parent writes until the child shadows
  and 19 more tests!


[Survived] CallExpression
src/index.ts:1615:3
-     ensureOpen(layer);
+     ;
Tests ran:
    a write hook wraps controller(cell).set: before, next, after
    a write hook that skips next refuses the write: value and watchers unchanged
    two write hooks nest in registration order
  and 12 more tests!


[Survived] StringLiteral
src/index.ts:1621:25
-         hookEvent({ kind: "write", cell: target, value, next }, layer, ext.label, chain),
+         hookEvent({ kind: "", cell: target, value, next }, layer, ext.label, chain),
Tests ran:
    a write hook wraps controller(cell).set: before, next, after
    a write hook that skips next refuses the write: value and watchers unchanged
    two write hooks nest in registration order
  and 12 more tests!


[Survived] CallExpression
src/index.ts:1645:7
-         ensureOpen(layer);
+         ;
Tests ran:
    set and update are reflected on the next read
    read-mode dep delivers the current value; write-mode dep causes an effect
    update(fn) runs through the chain with the computed value
  and 4 more tests!


[Survived] ConditionalExpression
src/index.ts:1638:9
-       if (entry === undefined) return readCell(layer, target, chain) as T;
+       if (true) return readCell(layer, target, chain) as T;
Tests ran:
    reads a cell's initial value through the scope seam
    parse transforms the initial before the first read
    set and update are reflected on the next read
  and 38 more tests!


[Survived] ConditionalExpression
src/index.ts:1635:15
-     const rec = chain === undefined && !layer.lazy ? nodeState(layer, target) : undefined;
+     const rec = false ? nodeState(layer, target) : undefined;
Tests ran:
    reads a cell's initial value through the scope seam
    parse transforms the initial before the first read
    set and update are reflected on the next read
  and 127 more tests!


[Survived] BooleanLiteral
src/index.ts:1635:38
-     const rec = chain === undefined && !layer.lazy ? nodeState(layer, target) : undefined;
+     const rec = chain === undefined && layer.lazy ? nodeState(layer, target) : undefined;
Tests ran:
    reads a cell's initial value through the scope seam
    parse transforms the initial before the first read
    set and update are reflected on the next read
  and 83 more tests!


[Survived] CallExpression
src/index.ts:1661:3
-     ensureOpen(layer);
+     ;
Tests ran:
    release(cell) notifies a named watcher after resetting its entry
    release(cell) calls only the child watcher that inherits its named entry
    a throwing named data watcher still runs the extracted release cleanup (N2)
  and 22 more tests!


[Survived] CallExpression
src/index.ts:1676:5
-       nsWatchers.all.delete(watcher);
+       ;
Tests ran:
    a re-registered named watcher refreshes its comparison value
    unsubscribing a chain watcher removes it from every named key


[Survived] OptionalChaining
src/index.ts:1679:7
-         watchers?.delete(watcher);
+         watchers.delete(watcher);
Tests ran:
    a re-registered named watcher refreshes its comparison value
    unsubscribing a chain watcher removes it from every named key


[Survived] ConditionalExpression
src/index.ts:1680:11
-         if (watchers?.size === 0) byKey.delete(key);
+         if (true) byKey.delete(key);
Tests ran:
    a re-registered named watcher refreshes its comparison value
    unsubscribing a chain watcher removes it from every named key


[Survived] ConditionalExpression
src/index.ts:1680:11
-         if (watchers?.size === 0) byKey.delete(key);
+         if (false) byKey.delete(key);
Tests ran:
    a re-registered named watcher refreshes its comparison value
    unsubscribing a chain watcher removes it from every named key


[Survived] OptionalChaining
src/index.ts:1680:11
-         if (watchers?.size === 0) byKey.delete(key);
+         if (watchers.size === 0) byKey.delete(key);
Tests ran:
    a re-registered named watcher refreshes its comparison value
    unsubscribing a chain watcher removes it from every named key


[Survived] EqualityOperator
src/index.ts:1680:11
-         if (watchers?.size === 0) byKey.delete(key);
+         if (watchers?.size !== 0) byKey.delete(key);
Tests ran:
    a re-registered named watcher refreshes its comparison value
    unsubscribing a chain watcher removes it from every named key


[Survived] CallExpression
src/index.ts:1680:33
-         if (watchers?.size === 0) byKey.delete(key);
+         if (watchers?.size === 0) ;
Tests ran:
    a re-registered named watcher refreshes its comparison value
    unsubscribing a chain watcher removes it from every named key


[Survived] ConditionalExpression
src/index.ts:1693:7
-     if (isOperation(target)) return operationController(layer, target, parent, chain, caller);
+     if (true) return operationController(layer, target, parent, chain, caller);
Tests ran:
    an operation composes a child operation through its controller
    settle recovers through a controller edge
    a controller subflow's managed error caught by its caller leaves the session successful
  and 1 more test!


[Survived] StringLiteral
src/index.ts:1725:58
-     raise("InvalidDependency", { label: "unknown", reason: "unknown dependency" });
+     raise("InvalidDependency", { label: "unknown", reason: "" });
Tests ran:
    an operation depending on a non-unit fails with InvalidDependency


[Survived] ArithmeticOperator
src/index.ts:1759:10
-     return BigInt(whole) * 1_000_000n + BigInt(Math.round((ms - whole) * 1_000_000));
+     return BigInt(whole) * 1_000_000n - BigInt(Math.round((ms - whole) * 1_000_000));
Tests ran:
    the system clock's nanos advance with wall time


[Survived] ArithmeticOperator
src/index.ts:1759:10
-     return BigInt(whole) * 1_000_000n + BigInt(Math.round((ms - whole) * 1_000_000));
+     return BigInt(whole) / 1_000_000n + BigInt(Math.round((ms - whole) * 1_000_000));
Tests ran:
    the system clock's nanos advance with wall time


[Survived] ArithmeticOperator
src/index.ts:1759:57
-     return BigInt(whole) * 1_000_000n + BigInt(Math.round((ms - whole) * 1_000_000));
+     return BigInt(whole) * 1_000_000n + BigInt(Math.round((ms - whole) / 1_000_000));
Tests ran:
    the system clock's nanos advance with wall time


[Survived] ArithmeticOperator
src/index.ts:1759:58
-     return BigInt(whole) * 1_000_000n + BigInt(Math.round((ms - whole) * 1_000_000));
+     return BigInt(whole) * 1_000_000n + BigInt(Math.round((ms + whole) * 1_000_000));
Tests ran:
    the system clock's nanos advance with wall time


[Survived] CallExpression
src/index.ts:1779:9
-           clearTimeout(id);
+           ;
Tests ran:
    a system-clock sleep rejects with the reason when its signal aborts
    a forced close aborts an in-flight sleep: the run's defer sees cancelled and close settles cancelled
    a system-clock sleep cleans its timer after an abort


[Survived] StringLiteral
src/index.ts:1783:36
-           signal.removeEventListener("abort", onAbort);
+           signal.removeEventListener("", onAbort);
Tests ran:
    a system-clock sleep with a live signal resolves


[Survived] ObjectLiteral
src/index.ts:1786:49
-         signal.addEventListener("abort", onAbort, { once: true });
+         signal.addEventListener("abort", onAbort, {});
Tests ran:
    a system-clock sleep rejects with the reason when its signal aborts
    a forced close aborts an in-flight sleep: the run's defer sees cancelled and close settles cancelled
    a system-clock sleep with a live signal resolves
  and 1 more test!


[Survived] BooleanLiteral
src/index.ts:1786:57
-         signal.addEventListener("abort", onAbort, { once: true });
+         signal.addEventListener("abort", onAbort, { once: false });
Tests ran:
    a system-clock sleep rejects with the reason when its signal aborts
    a forced close aborts an in-flight sleep: the run's defer sees cancelled and close settles cancelled
    a system-clock sleep with a live signal resolves
  and 1 more test!


[Survived] ObjectLiteral
src/index.ts:1809:12
-       return { a: a!, b: b!, c: c!, d: d! || 1 };
+       return {};
Tests ran:
    resolving an operation with a subflow yields a parent-linked span tree
    a root span has nonzero W3C ids before its body runs
    hook-started actions share the active trace and run cleanup
  and 8 more tests!


[Survived] ConditionalExpression
src/index.ts:1809:38
-       return { a: a!, b: b!, c: c!, d: d! || 1 };
+       return { a: a!, b: b!, c: c!, d: true };
Tests ran:
    resolving an operation with a subflow yields a parent-linked span tree
    a root span has nonzero W3C ids before its body runs
    hook-started actions share the active trace and run cleanup
  and 8 more tests!


[Survived] ConditionalExpression
src/index.ts:1809:38
-       return { a: a!, b: b!, c: c!, d: d! || 1 };
+       return { a: a!, b: b!, c: c!, d: false };
Tests ran:
    resolving an operation with a subflow yields a parent-linked span tree
    a root span has nonzero W3C ids before its body runs
    hook-started actions share the active trace and run cleanup
  and 8 more tests!


[Survived] LogicalOperator
src/index.ts:1809:38
-       return { a: a!, b: b!, c: c!, d: d! || 1 };
+       return { a: a!, b: b!, c: c!, d: d! && 1 };
Tests ran:
    resolving an operation with a subflow yields a parent-linked span tree
    a root span has nonzero W3C ids before its body runs
    hook-started actions share the active trace and run cleanup
  and 8 more tests!


[Survived] BlockStatement
src/index.ts:1893:12
-       } else {
-         this.a = 0;
-         this.b = 0;
-       }
+       } else {}
Tests ran:
    resolving an operation with a subflow yields a parent-linked span tree
    two interleaved async operations link each leaf span to its own parent
    a manual child span does not consume a non-promise thenable's then
  and 25 more tests!


[Survived] ConditionalExpression
src/index.ts:1890:9
-       if (this.trace === undefined) {
+       if (true) {
Tests ran:
    resolving an operation with a subflow yields a parent-linked span tree
    two interleaved async operations link each leaf span to its own parent
    a throwing exporter does not fail the operation
  and 58 more tests!


[Survived] ConditionalExpression
src/index.ts:1953:11
-         ...(this.error === undefined ? {} : { error: this.error }),
+         ...(false ? {} : { error: this.error }),
Tests ran:
    span JSON keeps public fields, ids, attributes, and events without internal state


[Survived] StringLiteral
src/index.ts:1984:50
-       return (high >>> 0).toString(16).padStart(8, "0") + (low >>> 0).toString(16).padStart(8, "0");
+       return (high >>> 0).toString(16).padStart(8, "") + (low >>> 0).toString(16).padStart(8, "0");
Tests ran:
    a root span has nonzero W3C ids before its body runs
    operation, resource, and manual children inherit the trace and name their parent span
    two unseeded root spans start different traces
  and 9 more tests!


[Survived] StringLiteral
src/index.ts:1984:94
-       return (high >>> 0).toString(16).padStart(8, "0") + (low >>> 0).toString(16).padStart(8, "0");
+       return (high >>> 0).toString(16).padStart(8, "0") + (low >>> 0).toString(16).padStart(8, "");
Tests ran:
    a root span has nonzero W3C ids before its body runs
    operation, resource, and manual children inherit the trace and name their parent span
    two unseeded root spans start different traces
  and 9 more tests!


[Survived] BlockStatement
src/index.ts:1992:19
-     } catch (error) {
-       void error;
-     }
+     } catch (error) {}
Tests ran:
    a throwing exporter does not fail the operation
    a throwing logger does not fail the operation
    a sink returning a thenable whose then getter throws is isolated
  and 2 more tests!


[Survived] ConditionalExpression
src/index.ts:1961:8
-         (random === systemRandom.source ? undefined : seededTraceRandom.get(random)) ??
+         (false ? undefined : seededTraceRandom.get(random)) ??
Tests ran:
    resolving an operation with a subflow yields a parent-linked span tree
    two interleaved async operations link each leaf span to its own parent
    a throwing exporter does not fail the operation
  and 58 more tests!


[Survived] ConditionalExpression
src/index.ts:1991:9
-       if (isThenable(result)) ignoreRejection(Promise.resolve(result));
+       if (true) ignoreRejection(Promise.resolve(result));
Tests ran:
    resolving an operation with a subflow yields a parent-linked span tree
    two interleaved async operations link each leaf span to its own parent
    history is bounded and toggles independently of export and logging
  and 38 more tests!


[Survived] ConditionalExpression
src/index.ts:2003:16
-     if (!span || span.end !== undefined) return;
+     if (!span || false) return;
Tests ran:
    resolving an operation with a subflow yields a parent-linked span tree
    two interleaved async operations link each leaf span to its own parent
    a throwing exporter does not fail the operation
  and 58 more tests!


[Survived] ConditionalExpression
src/index.ts:2007:7
-     if (status === "failed") span.error = error;
+     if (true) span.error = error;
Tests ran:
    resolving an operation with a subflow yields a parent-linked span tree
    two interleaved async operations link each leaf span to its own parent
    a throwing exporter does not fail the operation
  and 58 more tests!


[Survived] ConditionalExpression
src/index.ts:2008:7
-     if (obs.historyMax > 0) {
+     if (true) {
Tests ran:
    resolving an operation with a subflow yields a parent-linked span tree
    two interleaved async operations link each leaf span to its own parent
    a throwing exporter does not fail the operation
  and 58 more tests!


[Survived] EqualityOperator
src/index.ts:2008:7
-     if (obs.historyMax > 0) {
+     if (obs.historyMax >= 0) {
Tests ran:
    resolving an operation with a subflow yields a parent-linked span tree
    two interleaved async operations link each leaf span to its own parent
    a throwing exporter does not fail the operation
  and 58 more tests!


[Survived] ConditionalExpression
src/index.ts:2013:7
-     if (sink) isolate(() => sink(span));
+     if (true) isolate(() => sink(span));
Tests ran:
    resolving an operation with a subflow yields a parent-linked span tree
    two interleaved async operations link each leaf span to its own parent
    a throwing exporter does not fail the operation
  and 58 more tests!


[Survived] EqualityOperator
src/index.ts:2021:7
-     if (level < obs.level) return;
+     if (level <= obs.level) return;
Tests ran:
    history is bounded and toggles independently of export and logging
    an observed operation logs its label, elapsed time, outcome, level, and span
    a failed operation logs its failure at error level
  and 4 more tests!


[Survived] ConditionalExpression
src/index.ts:2047:7
-     if (!span) return OFF_OBS;
+     if (false) return OFF_OBS;
Tests ran:
    observation off gives ctx.obs.span undefined and no retained spans
    a manual child span does not consume a non-promise thenable's then
    a root span has nonzero W3C ids before its body runs
  and 20 more tests!


[Survived] StringLiteral
src/index.ts:2055:54
-         const child = openSpan(obs, layer, span, name, "manual");
+         const child = openSpan(obs, layer, span, name, "");
Tests ran:
    a manual child span does not consume a non-promise thenable's then
    operation, resource, and manual children inherit the trace and name their parent span
    a manual child span that returns a value closes as ok
  and 4 more tests!


[Survived] ConditionalExpression
src/index.ts:2063:11
-         if (child) settleSpan(obs, child, result);
+         if (true) settleSpan(obs, child, result);
Tests ran:
    a manual child span does not consume a non-promise thenable's then
    operation, resource, and manual children inherit the trace and name their parent span
    a manual child span that returns a value closes as ok
  and 3 more tests!


[Survived] ConditionalExpression
src/index.ts:2071:7
-     if (!sink) return noop;
+     if (false) return noop;
Tests ran:
    history is bounded and toggles independently of export and logging
    a throwing logger does not fail the operation
    a bare log call is info; the four methods carry their level to the sink
  and 11 more tests!


[Survived] ConditionalExpression
src/index.ts:2129:9
-       if (this.settler === undefined) {
+       if (true) {
Tests ran:
    settle classifies a registry-shaped Error as an error
    settle returns a sync Result for an untagged sync operation
    settle on a tagged sync call returns its Result directly when it ended in place (ADR 0072)
  and 6 more tests!


[Survived] BlockStatement
src/index.ts:2184:28
-     if (!isThenable(result)) {
-       onSettle?.("ok");
-       return;
-     }
+     if (!isThenable(result)) {}
Tests ran:
    settle on a tagged sync call returns its Result directly when it ended in place (ADR 0072)
    scope settle on a tagged inline config: a Result in place, a native promise when it waits (ADR 0072)
    wait: a tagged subflow called before its caller's first await; a value after it


[Survived] ConditionalExpression
src/index.ts:2184:7
-     if (!isThenable(result)) {
+     if (false) {
Tests ran:
    an async resource dep is delivered as its value: the body reads it without awaiting
    a run over a still-building async dep waits for the build, then runs with the value
    a failed async build fails the call before the body runs and stays failed until release
  and 243 more tests!


[Survived] BlockStatement
src/index.ts:2245:50
-   function isCancelReason(error: unknown): boolean {
-     return typeof error === "object" && error !== null && cancelBrand in error;
-   }
+   function isCancelReason(error: unknown): boolean {}
Tests ran:
    closing the parent while a session runs joins the body and rolls back on its failure
    when owned work and the body both fail, the body cause is primary for hook and caller
    a real late owned failure during close still surfaces (cancel-clean is only the abort reason)
  and 11 more tests!


[Survived] ConditionalExpression
src/index.ts:2246:10
-     return typeof error === "object" && error !== null && cancelBrand in error;
+     return false;
Tests ran:
    closing the parent while a session runs joins the body and rolls back on its failure
    when owned work and the body both fail, the body cause is primary for hook and caller
    a real late owned failure during close still surfaces (cancel-clean is only the abort reason)
  and 11 more tests!


[Survived] ConditionalExpression
src/index.ts:2246:10
-     return typeof error === "object" && error !== null && cancelBrand in error;
+     return true && error !== null && cancelBrand in error;
Tests ran:
    closing the parent while a session runs joins the body and rolls back on its failure
    when owned work and the body both fail, the body cause is primary for hook and caller
    a real late owned failure during close still surfaces (cancel-clean is only the abort reason)
  and 11 more tests!


[Survived] EqualityOperator
src/index.ts:2246:10
-     return typeof error === "object" && error !== null && cancelBrand in error;
+     return typeof error !== "object" && error !== null && cancelBrand in error;
Tests ran:
    closing the parent while a session runs joins the body and rolls back on its failure
    when owned work and the body both fail, the body cause is primary for hook and caller
    a real late owned failure during close still surfaces (cancel-clean is only the abort reason)
  and 11 more tests!


[Survived] StringLiteral
src/index.ts:2246:27
-     return typeof error === "object" && error !== null && cancelBrand in error;
+     return typeof error === "" && error !== null && cancelBrand in error;
Tests ran:
    closing the parent while a session runs joins the body and rolls back on its failure
    when owned work and the body both fail, the body cause is primary for hook and caller
    a real late owned failure during close still surfaces (cancel-clean is only the abort reason)
  and 11 more tests!


[Survived] ConditionalExpression
src/index.ts:2253:28
-     return layer.aborted && (error === layer.abortReason || isCancelReason(error));
+     return layer.aborted && (false || isCancelReason(error));
Tests ran:
    closing the parent while a session runs joins the body and rolls back on its failure
    when owned work and the body both fail, the body cause is primary for hook and caller
    a real late owned failure during close still surfaces (cancel-clean is only the abort reason)
  and 38 more tests!


[Survived] LogicalOperator
src/index.ts:2253:28
-     return layer.aborted && (error === layer.abortReason || isCancelReason(error));
+     return layer.aborted && (error === layer.abortReason && isCancelReason(error));
Tests ran:
    closing the parent while a session runs joins the body and rolls back on its failure
    when owned work and the body both fail, the body cause is primary for hook and caller
    a real late owned failure during close still surfaces (cancel-clean is only the abort reason)
  and 38 more tests!


[Survived] BooleanLiteral
src/index.ts:2226:28
-     readonly [cancelBrand] = true;
+     readonly [cancelBrand] = false;
Tests ran:
    an async resource dep is delivered as its value: the body reads it without awaiting
    a run over a still-building async dep waits for the build, then runs with the value
    a failed async build fails the call before the body runs and stays failed until release
  and 459 more tests!


[Survived] ConditionalExpression
src/index.ts:2278:10
-     return teardownDepth.size !== 0 && reentersTeardown(target);
+     return true && reentersTeardown(target);
Tests ran:
    an async resource dep is delivered as its value: the body reads it without awaiting
    a run over a still-building async dep waits for the build, then runs with the value
    a failed async build fails the call before the body runs and stays failed until release
  and 596 more tests!


[Survived] ArrayDeclaration
src/index.ts:2396:33
-       to.defers = from.defers ??= [];
+       to.defers = from.defers ??= ["Stryker was here"];
Tests ran:
    a dropped hook-started action keeps its failure on the owner
    a saved operation settle returns failed Disposed after its hook ends


[Survived] ConditionalExpression
src/index.ts:2422:10
-     return isNotList(tags) || tags.length !== 0;
+     return true;
Tests ran:
    a tagged scope.run binds the whole flow: the run, a subflow, and a nested subflow read the call's tags
    a call's tags take the authored shape: a single binding opens the session, a nested nothing does not
    a tagged run builds session resources in the flow and leaves scope resources at the root
  and 84 more tests!


[Survived] ConditionalExpression
src/index.ts:2440:5
-       call.input === undefined && call.rawInput === undefined ? undefined : stripTags(call);
+       false ? undefined : stripTags(call);
Tests ran:
    a tagged scope.run binds the whole flow: the run, a subflow, and a nested subflow read the call's tags
    a call's tags take the authored shape: a single binding opens the session, a nested nothing does not
    a tagged run builds session resources in the flow and leaves scope resources at the root
  and 90 more tests!


[Survived] ConditionalExpression
src/index.ts:2443:7
-     if (call.signal !== undefined || layer.exts.sessions !== undefined) {
+     if (true) {
Tests ran:
    a tagged scope.run binds the whole flow: the run, a subflow, and a nested subflow read the call's tags
    a call's tags take the authored shape: a single binding opens the session, a nested nothing does not
    a tagged run builds session resources in the flow and leaves scope resources at the root
  and 90 more tests!


[Survived] ConditionalExpression
src/index.ts:2530:7
-     if (child.lazy && !(raw instanceof Promise) && buildDepth === 0) {
+     if (false) {
Tests ran:
    a tagged scope.run binds the whole flow: the run, a subflow, and a nested subflow read the call's tags
    a call's tags take the authored shape: a single binding opens the session, a nested nothing does not
    a tagged run builds session resources in the flow and leaves scope resources at the root
  and 73 more tests!


[Survived] BlockStatement
src/index.ts:2530:68
-     if (child.lazy && !(raw instanceof Promise) && buildDepth === 0) {
-       child.closed = true;
-       child.aborted = true;
-       child.closing = ENDED_CLEAN;
-       child.tags = undefined;
-       return raw;
-     }
+     if (child.lazy && !(raw instanceof Promise) && buildDepth === 0) {}
Tests ran:
    a tagged scope.run binds the whole flow: the run, a subflow, and a nested subflow read the call's tags
    a call's tags take the authored shape: a single binding opens the session, a nested nothing does not
    a tagged inline run behaves the same: the flow sees the tags
  and 19 more tests!


[Survived] CallExpression
src/index.ts:2587:3
-     ensureOpen(layer);
+     ;
Tests ran:
    a tagged subflow in a named run uses session hooks
    a named run borrows the bucket selected after earlier dependencies resolve
    a named run borrows a replacement built after an earlier dependency releases it
  and 17 more tests!


[Survived] ConditionalExpression
src/index.ts:2594:7
-     if (call.input !== undefined) return { input: call.input };
+     if (true) return { input: call.input };
Tests ran:
    a tagged subflow in a named run uses session hooks
    a named run borrows the bucket selected after earlier dependencies resolve
    a named run borrows a replacement built after an earlier dependency releases it
  and 17 more tests!


[Survived] ConditionalExpression
src/index.ts:2565:9
-       if (layer.swept) materialize(child);
+       if (true) materialize(child);
Tests ran:
    a tagged scope.run binds the whole flow: the run, a subflow, and a nested subflow read the call's tags
    a call's tags take the authored shape: a single binding opens the session, a nested nothing does not
    a tagged run builds session resources in the flow and leaves scope resources at the root
  and 73 more tests!


[Survived] ConditionalExpression
src/index.ts:2595:7
-     if (call.rawInput !== undefined) return { rawInput: call.rawInput };
+     if (true) return { rawInput: call.rawInput };
Tests ran:
    a tagged subflow in a named run uses session hooks
    a named run borrows the bucket selected after earlier dependencies resolve
    a named run borrows a replacement built after an earlier dependency releases it
  and 17 more tests!


[Survived] ConditionalExpression
src/index.ts:2595:7
-     if (call.rawInput !== undefined) return { rawInput: call.rawInput };
+     if (false) return { rawInput: call.rawInput };
Tests ran:
    a tagged subflow in a named run uses session hooks
    a named run borrows the bucket selected after earlier dependencies resolve
    a named run borrows a replacement built after an earlier dependency releases it
  and 17 more tests!


[Survived] EqualityOperator
src/index.ts:2595:7
-     if (call.rawInput !== undefined) return { rawInput: call.rawInput };
+     if (call.rawInput === undefined) return { rawInput: call.rawInput };
Tests ran:
    a tagged subflow in a named run uses session hooks
    a named run borrows the bucket selected after earlier dependencies resolve
    a named run borrows a replacement built after an earlier dependency releases it
  and 17 more tests!


[Survived] ConditionalExpression
src/index.ts:2573:9
-       if (child) child.previous = undefined;
+       if (false) child.previous = undefined;
Tests ran:
    a tagged scope.run binds the whole flow: the run, a subflow, and a nested subflow read the call's tags
    a call's tags take the authored shape: a single binding opens the session, a nested nothing does not
    a tagged run builds session resources in the flow and leaves scope resources at the root
  and 74 more tests!


[Survived] BlockStatement
src/index.ts:2569:13
-     } finally {
-       /** Restore the live prefix so future closes do not walk every past tagged call. */
-       activeTagged = previous;
-       /** An escaped context must not retain the earlier frames through this link. */
-       if (child) child.previous = undefined;
-     }
+     } finally {}
Tests ran:
    a tagged scope.run binds the whole flow: the run, a subflow, and a nested subflow read the call's tags
    a call's tags take the authored shape: a single binding opens the session, a nested nothing does not
    a tagged run builds session resources in the flow and leaves scope resources at the root
  and 74 more tests!


[Survived] ConditionalExpression
src/index.ts:2626:28
-     if (fns === undefined || fns.length === 0) {
+     if (fns === undefined || false) {
Tests ran:
    an operation defer sees success on a clean run
    an operation defer sees failed when the run throws
    teardown errors are aggregated in execution order
  and 18 more tests!


[Survived] ConditionalExpression
src/index.ts:2642:10
-     return caller === RECOVERED || (caller === undefined && replay !== "nested");
+     return false || (caller === undefined && replay !== "nested");
Tests ran:
    an async schema is refused at the edge with SchemaAsync naming the vendor
    a failed async build fails the call before the body runs and stays failed until release
    a required tag with no binding and no default throws MissingTag
  and 147 more tests!


[Survived] ConditionalExpression
src/index.ts:2728:9
-       if (caller !== RECOVERED) stick(layer, error);
+       if (true) stick(layer, error);
Tests ran:
    an async schema is refused at the edge with SchemaAsync naming the vendor
    a required tag with no binding and no default throws MissingTag
    a span for an operation whose setup throws is still closed and exported as failed
  and 49 more tests!


[Survived] ConditionalExpression
src/index.ts:2657:9
-       if (status === "failed") stampOrigin(error, label, span, ctx, endsFlight(caller, replay));
+       if (true) stampOrigin(error, label, span, ctx, endsFlight(caller, replay));
Tests ran:
    an async resource dep is delivered as its value: the body reads it without awaiting
    a run over a still-building async dep waits for the build, then runs with the value
    a failed async build fails the call before the body runs and stays failed until release
  and 177 more tests!


[Survived] ConditionalExpression
src/index.ts:2658:9
-       if (span) closeSpan(obs, span, status, error);
+       if (true) closeSpan(obs, span, status, error);
Tests ran:
    an async resource dep is delivered as its value: the body reads it without awaiting
    a run over a still-building async dep waits for the build, then runs with the value
    a failed async build fails the call before the body runs and stays failed until release
  and 177 more tests!


[Survived] ArrayDeclaration
src/index.ts:2859:20
-         (pending ??= []).push({ key, build: Promise.resolve(value) });
+         (pending ??= ["Stryker was here"]).push({ key, build: Promise.resolve(value) });
Tests ran:
    an async resource dep is delivered as its value: the body reads it without awaiting
    a run over a still-building async dep waits for the build, then runs with the value
    a failed async build fails the call before the body runs and stays failed until release
  and 6 more tests!


[Survived] ConditionalExpression
src/index.ts:2955:11
-         if (!superseded() && state instanceof NsResourceState && depState instanceof NsResourceState)
+         if (true)
Tests ran:
    a named run keeps a late dependency cleanup alive through its dependent
    a named run keeps dependencies borrowed after its dependent is released
    a named run keeps a scope pool alive through its session client
  and 15 more tests!


[Survived] LogicalOperator
src/index.ts:2955:11
-         if (!superseded() && state instanceof NsResourceState && depState instanceof NsResourceState)
+         if (!superseded() && state instanceof NsResourceState || depState instanceof NsResourceState)
Tests ran:
    a named run keeps a late dependency cleanup alive through its dependent
    a named run keeps dependencies borrowed after its dependent is released
    a named run keeps a scope pool alive through its session client
  and 15 more tests!


[Survived] ConditionalExpression
src/index.ts:2955:11
-         if (!superseded() && state instanceof NsResourceState && depState instanceof NsResourceState)
+         if (true && depState instanceof NsResourceState)
Tests ran:
    a named run keeps a late dependency cleanup alive through its dependent
    a named run keeps dependencies borrowed after its dependent is released
    a named run keeps a scope pool alive through its session client
  and 15 more tests!


[Survived] LogicalOperator
src/index.ts:2955:11
-         if (!superseded() && state instanceof NsResourceState && depState instanceof NsResourceState)
+         if (!superseded() || state instanceof NsResourceState && depState instanceof NsResourceState)
Tests ran:
    a named run keeps a late dependency cleanup alive through its dependent
    a named run keeps dependencies borrowed after its dependent is released
    a named run keeps a scope pool alive through its session client
  and 15 more tests!


[Survived] ConditionalExpression
src/index.ts:2855:7
-         selected === undefined
+         false
Tests ran:
    a resource depends on another resource and receives its instance (pool → tx)
    a resource dep is built before the body runs, whether or not the body reads it
    an async resource dep is delivered as its value: the body reads it without awaiting
  and 148 more tests!


[Survived] ConditionalExpression
src/index.ts:2930:11
-         if (node && !superseded()) addDependent(owner, node, target, chain, state);
+         if (true) addDependent(owner, node, target, chain, state);
Tests ran:
    a resource depends on another resource and receives its instance (pool → tx)
    a resource dep is built before the body runs, whether or not the body reads it
    an async resource dep is delivered as its value: the body reads it without awaiting
  and 97 more tests!


[Survived] LogicalOperator
src/index.ts:2930:11
-         if (node && !superseded()) addDependent(owner, node, target, chain, state);
+         if (node || !superseded()) addDependent(owner, node, target, chain, state);
Tests ran:
    a resource depends on another resource and receives its instance (pool → tx)
    a resource dep is built before the body runs, whether or not the body reads it
    an async resource dep is delivered as its value: the body reads it without awaiting
  and 97 more tests!


[Survived] OptionalChaining
src/index.ts:3061:17
-       const rec = EXTENSIONS.get(current)?.get(ext);
+       const rec = EXTENSIONS.get(current).get(ext);
Tests ran:
    resolve(ext) fails with NotResolved before ready
    resolve(ext) reads the start value once ready
    resolve of an extension that is not installed throws NotResolved
  and 6 more tests!


[Survived] ConditionalExpression
src/index.ts:3103:10
-     return !!state.instance?.hooks.length || !!state.instance?.dependencies?.size;
+     return true;
Tests ran:
    an async resource dep is delivered as its value: the body reads it without awaiting
    async is typed through the graph: an op over an async resource is an async op
    a diamond release cascades to the shared dependent exactly once
  and 37 more tests!


[Survived] StringLiteral
src/index.ts:3029:20
-     readonly label = "";
+     readonly label = "Stryker was here!";
Tests ran:
    a resource depends on another resource and receives its instance (pool → tx)
    a resource dep is built before the body runs, whether or not the body reads it
    an async resource dep is delivered as its value: the body reads it without awaiting
  and 117 more tests!


[Survived] BooleanLiteral
src/index.ts:3108:46
-     if (state.resource || state.failed) return false;
+     if (state.resource || state.failed) return true;
Tests ran:
    closed sessions leave a root named pool usable for later clients
    a warmed context-aware pool without cleanup can feed a client


[Survived] ConditionalExpression
src/index.ts:3107:7
-     if (hasRetainedInstance(state)) return true;
+     if (true) return true;
Tests ran:
    an async resource dep is delivered as its value: the body reads it without awaiting
    async is typed through the graph: an op over an async resource is an async op
    a diamond release cascades to the shared dependent exactly once
  and 37 more tests!


[Survived] ConditionalExpression
src/index.ts:3108:7
-     if (state.resource || state.failed) return false;
+     if (false) return false;
Tests ran:
    an async resource dep is delivered as its value: the body reads it without awaiting
    async is typed through the graph: an op over an async resource is an async op
    a diamond release cascades to the shared dependent exactly once
  and 34 more tests!


[Survived] LogicalOperator
src/index.ts:3108:7
-     if (state.resource || state.failed) return false;
+     if (state.resource && state.failed) return false;
Tests ran:
    an async resource dep is delivered as its value: the body reads it without awaiting
    async is typed through the graph: an op over an async resource is an async op
    a diamond release cascades to the shared dependent exactly once
  and 34 more tests!


[Survived] ConditionalExpression
src/index.ts:3109:10
-     return (target as HookFlag)[mayHookSym] !== false || hasPresetLayers(owner);
+     return true;
Tests ran:
    an async resource dep is delivered as its value: the body reads it without awaiting
    async is typed through the graph: an op over an async resource is an async op
    a diamond release cascades to the shared dependent exactly once
  and 33 more tests!


[Survived] ConditionalExpression
src/index.ts:3098:71
-     for (let cur: Layer | undefined = layer; cur; cur = cur.parent) if (cur.presets) return true;
+     for (let cur: Layer | undefined = layer; cur; cur = cur.parent) if (true) return true;
Tests ran:
    a resource depends on another resource and receives its instance (pool → tx)
    a resource dep is built before the body runs, whether or not the body reads it
    an async resource dep is delivered as its value: the body reads it without awaiting
  and 94 more tests!


[Survived] ConditionalExpression
src/index.ts:3113:7
-     if (dependent === dependency || dependent.dependencies?.has(dependency)) return;
+     if (false || dependent.dependencies?.has(dependency)) return;
Tests ran:
    a throwing cleanup mid-cascade still drops every dependent's cache
    releasing a scope resource skips a closing session and still releases the others
    a dependent's defer runs before its dependency's (registration order)
  and 31 more tests!


[Survived] BooleanLiteral
src/index.ts:3099:10
-     return false;
+     return true;
Tests ran:
    a resource depends on another resource and receives its instance (pool → tx)
    a resource dep is built before the body runs, whether or not the body reads it
    an async resource dep is delivered as its value: the body reads it without awaiting
  and 89 more tests!


[Survived] ConditionalExpression
src/index.ts:3120:7
-     if (instance.end) return;
+     if (false) return;
Tests ran:
    a failed async build fails the call before the body runs and stays failed until release
    resource cleanup runs on close
    cleanup registered by an in-flight factory during close still runs
  and 147 more tests!


[Survived] ConditionalExpression
src/index.ts:3122:7
-     if (instance.building || instance.dependents || instance.borrowers?.size) {
+     if (true) {
Tests ran:
    a failed async build fails the call before the body runs and stays failed until release
    resource cleanup runs on close
    cleanup registered by an in-flight factory during close still runs
  and 147 more tests!


[Survived] ConditionalExpression
src/index.ts:3122:7
-     if (instance.building || instance.dependents || instance.borrowers?.size) {
+     if (false) {
Tests ran:
    a failed async build fails the call before the body runs and stays failed until release
    resource cleanup runs on close
    cleanup registered by an in-flight factory during close still runs
  and 147 more tests!


[Survived] ConditionalExpression
src/index.ts:3122:7
-     if (instance.building || instance.dependents || instance.borrowers?.size) {
+     if (false || instance.borrowers?.size) {
Tests ran:
    a failed async build fails the call before the body runs and stays failed until release
    resource cleanup runs on close
    cleanup registered by an in-flight factory during close still runs
  and 147 more tests!


[Survived] LogicalOperator
src/index.ts:3122:7
-     if (instance.building || instance.dependents || instance.borrowers?.size) {
+     if ((instance.building || instance.dependents) && instance.borrowers?.size) {
Tests ran:
    a failed async build fails the call before the body runs and stays failed until release
    resource cleanup runs on close
    cleanup registered by an in-flight factory during close still runs
  and 147 more tests!


[Survived] LogicalOperator
src/index.ts:3122:7
-     if (instance.building || instance.dependents || instance.borrowers?.size) {
+     if (instance.building && instance.dependents || instance.borrowers?.size) {
Tests ran:
    a failed async build fails the call before the body runs and stays failed until release
    resource cleanup runs on close
    cleanup registered by an in-flight factory during close still runs
  and 147 more tests!


[Survived] CallExpression
src/index.ts:3133:17
-     if (finished) ignoreRejection(finished);
+     if (finished) ;
Tests ran:
    releasing a scope resource skips a closing session and still releases the others
    a diamond release tears down dependents before dependencies (reverse registration)
    release waits for a borrower before running a defer registered by an in-flight build
  and 7 more tests!


[Survived] BlockStatement
src/index.ts:3122:77
-     if (instance.building || instance.dependents || instance.borrowers?.size) {
-       instance.completion = new Promise<void>((resolve) => (instance.complete = resolve));
-       addWork(instance.owner, instance.completion);
-     }
+     if (instance.building || instance.dependents || instance.borrowers?.size) {}
Tests ran:
    a throwing cleanup mid-cascade still drops every dependent's cache
    releasing a scope resource skips a closing session and still releases the others
    a dependent's defer runs before its dependency's (registration order)
  and 50 more tests!


[Survived] CallExpression
src/index.ts:3124:5
-       addWork(instance.owner, instance.completion);
+       ;
Tests ran:
    a throwing cleanup mid-cascade still drops every dependent's cache
    releasing a scope resource skips a closing session and still releases the others
    a dependent's defer runs before its dependency's (registration order)
  and 50 more tests!


[Survived] UpdateOperator
src/index.ts:3150:7
-         instance.owner.resourceHolds--;
+         instance.owner.resourceHolds++;
Tests ran:
    a throwing cleanup mid-cascade still drops every dependent's cache
    releasing a scope resource skips a closing session and still releases the others
    a dependent's defer runs before its dependency's (registration order)
  and 31 more tests!


[Survived] ConditionalExpression
src/index.ts:3133:7
-     if (finished) ignoreRejection(finished);
+     if (false) ignoreRejection(finished);
Tests ran:
    a resource dep is built before the body runs, whether or not the body reads it
    an async resource dep is delivered as its value: the body reads it without awaiting
    a run over a still-building async dep waits for the build, then runs with the value
  and 175 more tests!


[Survived] BooleanLiteral
src/index.ts:3138:19
-     drainingReady = true;
+     drainingReady = false;
Tests ran:
    a failed async build fails the call before the body runs and stays failed until release
    resource cleanup runs on close
    cleanup registered by an in-flight factory during close still runs
  and 147 more tests!


[Survived] ConditionalExpression
src/index.ts:3137:7
-     if (drainingReady) return;
+     if (false) return;
Tests ran:
    a failed async build fails the call before the body runs and stays failed until release
    resource cleanup runs on close
    cleanup registered by an in-flight factory during close still runs
  and 147 more tests!


[Survived] ConditionalExpression
src/index.ts:3154:7
-     if (instance.completion) instance.owner.pending.delete(instance.completion);
+     if (true) instance.owner.pending.delete(instance.completion);
Tests ran:
    a failed async build fails the call before the body runs and stays failed until release
    resource cleanup runs on close
    cleanup registered by an in-flight factory during close still runs
  and 147 more tests!


[Survived] ArrowFunction
src/index.ts:3196:9
-           () => completeInstance(instance),
+           () => undefined,
Tests ran:
    a late default dependency stays open through its dependent's async cleanup


[Survived] ConditionalExpression
src/index.ts:3201:7
-     if (prior) {
+     if (false) {
Tests ran:
    a failed async build fails the call before the body runs and stays failed until release
    a throwing cleanup mid-cascade still drops every dependent's cache
    releasing a scope resource skips a closing session and still releases the others
  and 63 more tests!


[Survived] ConditionalExpression
src/index.ts:3233:7
-     if (!needsHold(depOwner, depTarget, depState)) return dependent;
+     if (false) return dependent;
Tests ran:
    an async resource dep is delivered as its value: the body reads it without awaiting
    async is typed through the graph: an op over an async resource is an async op
    a diamond release cascades to the shared dependent exactly once
  and 37 more tests!


[Survived] ConditionalExpression
src/index.ts:3220:7
-     if (instance) instance.building = true;
+     if (false) instance.building = true;
Tests ran:
    an async resource dep is delivered as its value: the body reads it without awaiting
    a run over a still-building async dep waits for the build, then runs with the value
    a failed async build fails the call before the body runs and stays failed until release
  and 177 more tests!


[Survived] ConditionalExpression
src/index.ts:3273:7
-     if (rec.gen === gen) detachResourceDependencies(owner, target, rec);
+     if (true) detachResourceDependencies(owner, target, rec);
Tests ran:
    a resource factory that resolves itself fails with CircularResource
    a scope resource requiring a session-only tag fails with MissingTag
    a factory context is dead after a synchronous throw: a late onOutcome fails
  and 7 more tests!


[Survived] ConditionalExpression
src/index.ts:3273:7
-     if (rec.gen === gen) detachResourceDependencies(owner, target, rec);
+     if (false) detachResourceDependencies(owner, target, rec);
Tests ran:
    a resource factory that resolves itself fails with CircularResource
    a scope resource requiring a session-only tag fails with MissingTag
    a factory context is dead after a synchronous throw: a late onOutcome fails
  and 7 more tests!


[Survived] EqualityOperator
src/index.ts:3273:7
-     if (rec.gen === gen) detachResourceDependencies(owner, target, rec);
+     if (rec.gen !== gen) detachResourceDependencies(owner, target, rec);
Tests ran:
    a resource factory that resolves itself fails with CircularResource
    a scope resource requiring a session-only tag fails with MissingTag
    a factory context is dead after a synchronous throw: a late onOutcome fails
  and 7 more tests!


[Survived] CallExpression
src/index.ts:3273:24
-     if (rec.gen === gen) detachResourceDependencies(owner, target, rec);
+     if (rec.gen === gen) ;
Tests ran:
    a resource factory that resolves itself fails with CircularResource
    a scope resource requiring a session-only tag fails with MissingTag
    a factory context is dead after a synchronous throw: a late onOutcome fails
  and 7 more tests!


[Survived] ConditionalExpression
src/index.ts:3258:7
-     if (canPublish()) rec.resource = { value: result };
+     if (true) rec.resource = { value: result };
Tests ran:
    resource cleanup runs on close
    session(fn) success commits via onOutcome; a thrown error rolls back and propagates
    a throwing onOutcome is aggregated, keeps the outcome, and does not stop other hooks
  and 155 more tests!


[Survived] StringLiteral
src/index.ts:3259:36
-     settleResourceInstance(instance, "ok");
+     settleResourceInstance(instance, "");
Tests ran:
    resource cleanup runs on close
    session(fn) success commits via onOutcome; a thrown error rolls back and propagates
    a throwing onOutcome is aggregated, keeps the outcome, and does not stop other hooks
  and 155 more tests!


[Survived] UpdateOperator
src/index.ts:3296:3
-     buildDepth++;
+     buildDepth--;
Tests ran:
    a resource depends on another resource and receives its instance (pool → tx)
    a resource dep is built before the body runs, whether or not the body reads it
    resolve of an async resource keeps returning the same settled promise
  and 88 more tests!


[Survived] ConditionalExpression
src/index.ts:3303:7
-         pending === undefined ? fn(deps, ctx) : settleDeps(deps, pending).then(() => fn(deps, ctx));
+         true ? fn(deps, ctx) : settleDeps(deps, pending).then(() => fn(deps, ctx));
Tests ran:
    a resource depends on another resource and receives its instance (pool → tx)
    a resource dep is built before the body runs, whether or not the body reads it
    resolve of an async resource keeps returning the same settled promise
  and 86 more tests!


[Survived] UpdateOperator
src/index.ts:3322:5
-       buildDepth--;
+       buildDepth++;
Tests ran:
    a resource depends on another resource and receives its instance (pool → tx)
    a resource dep is built before the body runs, whether or not the body reads it
    resolve of an async resource keeps returning the same settled promise
  and 88 more tests!


[Survived] ConditionalExpression
src/index.ts:3338:5
-       (target as HookFlag)[mayHookSym] === false &&
-       rec.instance === undefined &&
-       !hasPresetLayers(owner)
+       false
Tests ran:
    a resource depends on another resource and receives its instance (pool → tx)
    a resource dep is built before the body runs, whether or not the body reads it
    an async resource dep is delivered as its value: the body reads it without awaiting
  and 260 more tests!


[Survived] UpdateOperator
src/index.ts:3363:3
-     buildDepth++;
+     buildDepth--;
Tests ran:
    an async resource dep is delivered as its value: the body reads it without awaiting
    a run over a still-building async dep waits for the build, then runs with the value
    a failed async build fails the call before the body runs and stays failed until release
  and 177 more tests!


[Survived] ConditionalExpression
src/index.ts:3339:5
-       rec.instance === undefined &&
+       true &&
Tests ran:
    a resource depends on another resource and receives its instance (pool → tx)
    a resource dep is built before the body runs, whether or not the body reads it
    an async resource dep is delivered as its value: the body reads it without awaiting
  and 111 more tests!


[Survived] EqualityOperator
src/index.ts:3339:5
-       rec.instance === undefined &&
+       rec.instance !== undefined &&
Tests ran:
    a resource depends on another resource and receives its instance (pool → tx)
    a resource dep is built before the body runs, whether or not the body reads it
    an async resource dep is delivered as its value: the body reads it without awaiting
  and 111 more tests!


[Survived] ConditionalExpression
src/index.ts:3367:55
-       instance = startBuildInstance(owner, target, rec, fn.length >= 2);
+       instance = startBuildInstance(owner, target, rec, true);
Tests ran:
    an async resource dep is delivered as its value: the body reads it without awaiting
    a run over a still-building async dep waits for the build, then runs with the value
    a failed async build fails the call before the body runs and stays failed until release
  and 177 more tests!


[Survived] StringLiteral
src/index.ts:3440:19
-         markSettled("ok");
+         markSettled("");
Tests ran:
    an async resource dep is delivered as its value: the body reads it without awaiting
    a run over a still-building async dep waits for the build, then runs with the value
    a failed async build fails the call before the body runs and stays failed until release
  and 41 more tests!


[Survived] ConditionalExpression
src/index.ts:3441:11
-         if (rec.build === build) rec.build = undefined;
+         if (false) rec.build = undefined;
Tests ran:
    an async resource dep is delivered as its value: the body reads it without awaiting
    a run over a still-building async dep waits for the build, then runs with the value
    a failed async build fails the call before the body runs and stays failed until release
  and 41 more tests!


[Survived] ConditionalExpression
src/index.ts:3451:11
-         if (rec.build === build) rec.build = undefined;
+         if (false) rec.build = undefined;
Tests ran:
    a failed async build fails the call before the body runs and stays failed until release
    an old build rejecting after release does not fail a session that got the replacement
    a rejected build is sticky: a re-resolve without release returns the same rejection, one build
  and 13 more tests!


[Survived] ConditionalExpression
src/index.ts:3451:11
-         if (rec.build === build) rec.build = undefined;
+         if (true) rec.build = undefined;
Tests ran:
    a failed async build fails the call before the body runs and stays failed until release
    an old build rejecting after release does not fail a session that got the replacement
    a rejected build is sticky: a re-resolve without release returns the same rejection, one build
  and 13 more tests!


[Survived] EqualityOperator
src/index.ts:3451:11
-         if (rec.build === build) rec.build = undefined;
+         if (rec.build !== build) rec.build = undefined;
Tests ran:
    a failed async build fails the call before the body runs and stays failed until release
    an old build rejecting after release does not fail a session that got the replacement
    a rejected build is sticky: a re-resolve without release returns the same rejection, one build
  and 13 more tests!


[Survived] UpdateOperator
src/index.ts:3416:5
-       buildDepth--;
+       buildDepth++;
Tests ran:
    an async resource dep is delivered as its value: the body reads it without awaiting
    a run over a still-building async dep waits for the build, then runs with the value
    a failed async build fails the call before the body runs and stays failed until release
  and 177 more tests!


[Survived] StringLiteral
src/index.ts:3453:28
-         closeSpan(obs, span, "failed");
+         closeSpan(obs, span, "");
Tests ran:
    a failed async build fails the call before the body runs and stays failed until release
    an old build rejecting after release does not fail a session that got the replacement
    a rejected build is sticky: a re-resolve without release returns the same rejection, one build
  and 13 more tests!


[Survived] CallExpression
src/index.ts:3478:9
-           ensureOpen(layer);
+           ;
Tests ran:
    a resource depends on another resource and receives its instance (pool → tx)
    resolve of an async resource keeps returning the same settled promise
    a resource dep the factory reads twice builds once and caches (lazy access parity)
  and 22 more tests!


[Survived] BlockStatement
src/index.ts:3477:35
-         if (!named && rec.resource) {
-           ensureOpen(layer);
-           ensureOpen(owner);
-           recordUsed(layer.obs, parent, target);
-           return (rec.promise ?? rec.resource.value) as Scope.ResourceValue<T>;
-         }
+         if (!named && rec.resource) {}
Tests ran:
    a resource depends on another resource and receives its instance (pool → tx)
    resolve of an async resource keeps returning the same settled promise
    a resource dep the factory reads twice builds once and caches (lazy access parity)
  and 22 more tests!


[Survived] CallExpression
src/index.ts:3480:9
-           recordUsed(layer.obs, parent, target);
+           ;
Tests ran:
    a resource depends on another resource and receives its instance (pool → tx)
    resolve of an async resource keeps returning the same settled promise
    a resource dep the factory reads twice builds once and caches (lazy access parity)
  and 22 more tests!


[Survived] CallExpression
src/index.ts:3479:9
-           ensureOpen(owner);
+           ;
Tests ran:
    a resource depends on another resource and receives its instance (pool → tx)
    resolve of an async resource keeps returning the same settled promise
    a resource dep the factory reads twice builds once and caches (lazy access parity)
  and 22 more tests!


[Survived] CallExpression
src/index.ts:3489:7
-         ensureOpen(owner);
+         ;
Tests ran:
    resolve of an async resource keeps returning the same settled promise
    get() before resolve fails with NotResolved
    a build in flight when its resource is released never publishes
  and 6 more tests!


[Survived] OptionalChaining
src/index.ts:3492:12
-         if (!state?.resource) raise("NotResolved", { label: target.label });
+         if (!state.resource) raise("NotResolved", { label: target.label });
Tests ran:
    resolve of an async resource keeps returning the same settled promise
    get() before resolve fails with NotResolved
    a build in flight when its resource is released never publishes
  and 4 more tests!


[Survived] OptionalChaining
src/index.ts:3491:11
-         if (state?.failed) return state.failed.promise as Scope.ResourceValue<T>;
+         if (state.failed) return state.failed.promise as Scope.ResourceValue<T>;
Tests ran:
    resolve of an async resource keeps returning the same settled promise
    get() before resolve fails with NotResolved
    a build in flight when its resource is released never publishes
  and 6 more tests!


[Survived] OptionalChaining
src/index.ts:3507:39
-         const state = layer === owner ? layer.nodes.get(target)?.nsResources?.get(key) : undefined;
+         const state = layer === owner ? layer.nodes.get(target).nsResources?.get(key) : undefined;
Tests ran:
    a session seed follows direct resource builds to their scope owner
    a failed async named build stays on its bucket until releaseNs
    a named run borrows the bucket selected after earlier dependencies resolve
  and 55 more tests!


[Survived] ConditionalExpression
src/index.ts:3525:7
-     if (state === undefined) {
+     if (true) {
Tests ran:
    a session seed follows direct resource builds to their scope owner
    a failed async named build stays on its bucket until releaseNs
    a named run borrows the bucket selected after earlier dependencies resolve
  and 55 more tests!


[Survived] ConditionalExpression
src/index.ts:3536:62
-     return target.target !== "scope" && chain !== undefined && chain.length > 0;
+     return target.target !== "scope" && chain !== undefined && true;
Tests ran:
    a session seed follows direct resource builds to their scope owner
    a failed async named build stays on its bucket until releaseNs
    a named run borrows the bucket selected after earlier dependencies resolve
  and 55 more tests!


[Survived] EqualityOperator
src/index.ts:3536:62
-     return target.target !== "scope" && chain !== undefined && chain.length > 0;
+     return target.target !== "scope" && chain !== undefined && chain.length >= 0;
Tests ran:
    a session seed follows direct resource builds to their scope owner
    a failed async named build stays on its bucket until releaseNs
    a named run borrows the bucket selected after earlier dependencies resolve
  and 55 more tests!


[Survived] ConditionalExpression
src/index.ts:3477:11
-         if (!named && rec.resource) {
+         if (false) {
Tests ran:
    a resource depends on another resource and receives its instance (pool → tx)
    a resource dep is built before the body runs, whether or not the body reads it
    resolve of an async resource keeps returning the same settled promise
  and 216 more tests!


[Survived] ConditionalExpression
src/index.ts:3590:7
-     if (state.build) return state.build;
+     if (false) return state.build;
Tests ran:
    a session seed follows direct resource builds to their scope owner
    a failed async named build stays on its bucket until releaseNs
    a named run borrows the bucket selected after earlier dependencies resolve
  and 55 more tests!


[Survived] ConditionalExpression
src/index.ts:3591:7
-     if (state.building) raise("CircularResource", { label: target.label });
+     if (false) raise("CircularResource", { label: target.label });
Tests ran:
    a session seed follows direct resource builds to their scope owner
    a failed async named build stays on its bucket until releaseNs
    a named run borrows the bucket selected after earlier dependencies resolve
  and 55 more tests!


[Survived] CallExpression
src/index.ts:3553:3
-     ensureOpen(layer);
+     ;
Tests ran:
    a resource depends on another resource and receives its instance (pool → tx)
    a resource dep is built before the body runs, whether or not the body reads it
    an async resource dep is delivered as its value: the body reads it without awaiting
  and 261 more tests!


[Survived] ConditionalExpression
src/index.ts:3562:22
-     const buildChain = target.target === "scope" ? NO_NAMESPACE : chain;
+     const buildChain = true ? NO_NAMESPACE : chain;
Tests ran:
    a resource depends on another resource and receives its instance (pool → tx)
    a resource dep is built before the body runs, whether or not the body reads it
    an async resource dep is delivered as its value: the body reads it without awaiting
  and 210 more tests!


[Survived] ConditionalExpression
src/index.ts:3613:67
-     if (!isData(node) || !(dependent instanceof NsResourceState) || chain === undefined) return false;
+     if (!isData(node) || !(dependent instanceof NsResourceState) || false) return false;
Tests ran:
    release(cell) unlinks clients of its named entry, not a child's entry
    releaseNs still unlinks a new named client after release(cell)
    releaseNs on named data invalidates only resources that read that bucket
  and 9 more tests!


[Survived] LogicalOperator
src/index.ts:3613:7
-     if (!isData(node) || !(dependent instanceof NsResourceState) || chain === undefined) return false;
+     if ((!isData(node) || !(dependent instanceof NsResourceState)) && chain === undefined) return false;
Tests ran:
    a resource depends on another resource and receives its instance (pool → tx)
    a resource dep is built before the body runs, whether or not the body reads it
    an async resource dep is delivered as its value: the body reads it without awaiting
  and 82 more tests!


[Survived] ConditionalExpression
src/index.ts:3629:7
-     if (dependents.has(dependent)) return;
+     if (false) return;
Tests ran:
    release(cell) unlinks clients of its named entry, not a child's entry
    releaseNs still unlinks a new named client after release(cell)
    releaseNs on named data invalidates only resources that read that bucket
  and 8 more tests!


[Survived] ConditionalExpression
src/index.ts:3613:7
-     if (!isData(node) || !(dependent instanceof NsResourceState) || chain === undefined) return false;
+     if (false || chain === undefined) return false;
Tests ran:
    a resource depends on another resource and receives its instance (pool → tx)
    a resource dep is built before the body runs, whether or not the body reads it
    an async resource dep is delivered as its value: the body reads it without awaiting
  and 82 more tests!


[Survived] OptionalChaining
src/index.ts:3659:5
-       link.source.nsDataDependents?.get(link.entry)?.delete(state);
+       link.source.nsDataDependents?.get(link.entry).delete(state);
Tests ran:
    release(cell) unlinks clients of its named entry, not a child's entry
    releaseNs still unlinks a new named client after release(cell)
    releaseNs on named data invalidates only resources that read that bucket
  and 8 more tests!


[Survived] BlockStatement
src/index.ts:3656:61
-   function detachNsDependencies(state: NsResourceState): void {
-     state.owner.nsLinked?.delete(state);
-     for (const link of state.dataDependencies ?? [])
-       link.source.nsDataDependents?.get(link.entry)?.delete(state);
-     state.dataDependencies = undefined;
-     detachNsResourceLinks(state);
-   }
+   function detachNsDependencies(state: NsResourceState): void {}
Tests ran:
    a failed async named build stays on its bucket until releaseNs
    a named run borrows the bucket selected after earlier dependencies resolve
    a named run borrows a replacement built after an earlier dependency releases it
  and 42 more tests!


[Survived] OptionalChaining
src/index.ts:3659:5
-       link.source.nsDataDependents?.get(link.entry)?.delete(state);
+       link.source.nsDataDependents.get(link.entry)?.delete(state);
Tests ran:
    release(cell) unlinks clients of its named entry, not a child's entry
    releaseNs still unlinks a new named client after release(cell)
    releaseNs on named data invalidates only resources that read that bucket
  and 8 more tests!


[Survived] LogicalOperator
src/index.ts:3613:7
-     if (!isData(node) || !(dependent instanceof NsResourceState) || chain === undefined) return false;
+     if (!isData(node) && !(dependent instanceof NsResourceState) || chain === undefined) return false;
Tests ran:
    a resource depends on another resource and receives its instance (pool → tx)
    a resource dep is built before the body runs, whether or not the body reads it
    an async resource dep is delivered as its value: the body reads it without awaiting
  and 82 more tests!


[Survived] CallExpression
src/index.ts:3661:3
-     detachNsResourceLinks(state);
+     ;
Tests ran:
    a failed async named build stays on its bucket until releaseNs
    a named run borrows the bucket selected after earlier dependencies resolve
    a named run borrows a replacement built after an earlier dependency releases it
  and 42 more tests!


[Survived] BlockStatement
src/index.ts:3664:75
-   function detachNsLinked(layer: Layer, linked: Set<NsResourceState>): void {
-     for (const state of linked) detachNsDependencies(state);
-     layer.nsLinked = undefined;
-   }
+   function detachNsLinked(layer: Layer, linked: Set<NsResourceState>): void {}
Tests ran:
    a named run keeps a late dependency cleanup alive through its dependent
    a named run keeps dependencies borrowed after its dependent is released
    releaseNs keeps a dependency alive until its named dependent borrow ends
  and 24 more tests!


[Survived] CallExpression
src/index.ts:3665:31
-     for (const state of linked) detachNsDependencies(state);
+     for (const state of linked) ;
Tests ran:
    releaseNs keeps a dependency alive until its named dependent borrow ends
    release(cell) unlinks clients of its named entry, not a child's entry
    releaseNs on named data invalidates only resources that read that bucket
  and 12 more tests!


[Survived] OptionalChaining
src/index.ts:3671:5
-       dependency.resourceDependents?.delete(state);
+       dependency.resourceDependents.delete(state);
Tests ran:
    a named run keeps dependencies borrowed after its dependent is released
    releaseNs keeps a dependency alive until its named dependent borrow ends
    a rebuilt chain dependent leaves its old fallback bucket
  and 9 more tests!


[Survived] BlockStatement
src/index.ts:3669:62
-   function detachNsResourceLinks(state: NsResourceState): void {
-     for (const dependency of state.resourceDependencies ?? [])
-       dependency.resourceDependents?.delete(state);
-     for (const dependent of state.resourceDependents ?? [])
-       dependent.resourceDependencies?.delete(state);
-     state.resourceDependencies = undefined;
-     state.resourceDependents = undefined;
-   }
+   function detachNsResourceLinks(state: NsResourceState): void {}
Tests ran:
    a failed async named build stays on its bucket until releaseNs
    a named run borrows the bucket selected after earlier dependencies resolve
    a named run borrows a replacement built after an earlier dependency releases it
  and 42 more tests!


[Survived] ArrayDeclaration
src/index.ts:3670:58
-     for (const dependency of state.resourceDependencies ?? [])
+     for (const dependency of state.resourceDependencies ?? ["Stryker was here"])
Tests ran:
    a failed async named build stays on its bucket until releaseNs
    a named run borrows the bucket selected after earlier dependencies resolve
    a named run borrows a replacement built after an earlier dependency releases it
  and 42 more tests!


[Survived] ArrayDeclaration
src/index.ts:3672:55
-     for (const dependent of state.resourceDependents ?? [])
+     for (const dependent of state.resourceDependents ?? ["Stryker was here"])
Tests ran:
    a failed async named build stays on its bucket until releaseNs
    a named run borrows the bucket selected after earlier dependencies resolve
    a named run borrows a replacement built after an earlier dependency releases it
  and 42 more tests!


[Survived] OptionalChaining
src/index.ts:3673:5
-       dependent.resourceDependencies?.delete(state);
+       dependent.resourceDependencies.delete(state);
Tests ran:
    a named run keeps a late dependency cleanup alive through its dependent
    releaseNs keeps a dependency alive until its named dependent borrow ends
    a rebuilt chain dependent leaves its old fallback bucket
  and 9 more tests!


[Survived] BlockStatement
src/index.ts:3682:9
-   ): void {
-     if (state instanceof NsResourceState) {
-       detachNsDependencies(state);
-       return;
-     }
-     detachDependent(owner, dependent);
-   }
+   ): void {}
Tests ran:
    a resource factory that resolves itself fails with CircularResource
    a scope resource requiring a session-only tag fails with MissingTag
    a factory context is dead after a synchronous throw: a late onOutcome fails
  and 7 more tests!


[Survived] CallExpression
src/index.ts:3684:5
-       detachNsDependencies(state);
+       ;
Tests ran:
    a failed named build's cleanup is still run by releaseNs (N3)
    a failed named build does not fill a sibling chain's fallback (N3)
    a rebuilt client drops the named resource link from its failed build
  and 2 more tests!


[Survived] BlockStatement
src/index.ts:3683:41
-     if (state instanceof NsResourceState) {
-       detachNsDependencies(state);
-       return;
-     }
+     if (state instanceof NsResourceState) {}
Tests ran:
    a failed named build's cleanup is still run by releaseNs (N3)
    a failed named build does not fill a sibling chain's fallback (N3)
    a rebuilt client drops the named resource link from its failed build
  and 2 more tests!


[Survived] CallExpression
src/index.ts:3687:3
-     detachDependent(owner, dependent);
+     ;
Tests ran:
    a resource factory that resolves itself fails with CircularResource
    a scope resource requiring a session-only tag fails with MissingTag
    a factory context is dead after a synchronous throw: a late onOutcome fails
  and 2 more tests!


[Survived] ConditionalExpression
src/index.ts:3683:7
-     if (state instanceof NsResourceState) {
+     if (false) {
Tests ran:
    a resource factory that resolves itself fails with CircularResource
    a scope resource requiring a session-only tag fails with MissingTag
    a factory context is dead after a synchronous throw: a late onOutcome fails
  and 7 more tests!


[Survived] BlockStatement
src/index.ts:3690:83
-   function detachDependent(owner: Layer, dependent: Resource.Handle<unknown>): void {
-     for (const s of owner.nodes.values()) {
-       const set = s.dependents;
-       if (set && set.delete(dependent) && set.size === 0) s.dependents = undefined;
-     }
-   }
+   function detachDependent(owner: Layer, dependent: Resource.Handle<unknown>): void {}
Tests ran:
    a failed async build fails the call before the body runs and stays failed until release
    a resource factory that resolves itself fails with CircularResource
    a scope resource requiring a session-only tag fails with MissingTag
  and 85 more tests!


[Survived] BlockStatement
src/index.ts:3691:41
-     for (const s of owner.nodes.values()) {
-       const set = s.dependents;
-       if (set && set.delete(dependent) && set.size === 0) s.dependents = undefined;
-     }
+     for (const s of owner.nodes.values()) {}
Tests ran:
    a failed async build fails the call before the body runs and stays failed until release
    a resource factory that resolves itself fails with CircularResource
    a scope resource requiring a session-only tag fails with MissingTag
  and 85 more tests!


[Survived] ConditionalExpression
src/index.ts:3702:7
-     if (isEdge(dep) && dep.kind === "controller" && isData(dep.target)) return dep.target;
+     if (true) return dep.target;
Tests ran:
    a scope resource requiring a session-only tag fails with MissingTag
    a session resource reads its owner-bound session data and tags
    a release triggered during a factory prevents that build from publishing
  and 18 more tests!


[Survived] ConditionalExpression
src/index.ts:3702:22
-     if (isEdge(dep) && dep.kind === "controller" && isData(dep.target)) return dep.target;
+     if (isEdge(dep) && true && isData(dep.target)) return dep.target;
Tests ran:
    a scope resource requiring a session-only tag fails with MissingTag
    a session resource reads its owner-bound session data and tags
    a release triggered during a factory prevents that build from publishing
  and 4 more tests!


[Survived] LogicalOperator
src/index.ts:3702:7
-     if (isEdge(dep) && dep.kind === "controller" && isData(dep.target)) return dep.target;
+     if (isEdge(dep) && dep.kind === "controller" || isData(dep.target)) return dep.target;
Tests ran:
    a scope resource requiring a session-only tag fails with MissingTag
    a session resource reads its owner-bound session data and tags
    a release triggered during a factory prevents that build from publishing
  and 18 more tests!


[Survived] LogicalOperator
src/index.ts:3702:7
-     if (isEdge(dep) && dep.kind === "controller" && isData(dep.target)) return dep.target;
+     if (isEdge(dep) || dep.kind === "controller" && isData(dep.target)) return dep.target;
Tests ran:
    a scope resource requiring a session-only tag fails with MissingTag
    a session resource reads its owner-bound session data and tags
    a release triggered during a factory prevents that build from publishing
  and 18 more tests!


[Survived] ConditionalExpression
src/index.ts:3702:7
-     if (isEdge(dep) && dep.kind === "controller" && isData(dep.target)) return dep.target;
+     if (true && isData(dep.target)) return dep.target;
Tests ran:
    a scope resource requiring a session-only tag fails with MissingTag
    a session resource reads its owner-bound session data and tags
    a release triggered during a factory prevents that build from publishing
  and 18 more tests!


[Survived] ConditionalExpression
src/index.ts:3693:9
-       if (set && set.delete(dependent) && set.size === 0) s.dependents = undefined;
+       if (false) s.dependents = undefined;
Tests ran:
    a failed async build fails the call before the body runs and stays failed until release
    a resource factory that resolves itself fails with CircularResource
    a scope resource requiring a session-only tag fails with MissingTag
  and 85 more tests!


[Survived] ConditionalExpression
src/index.ts:3709:7
-     if (held.list.includes(instance)) return;
+     if (false) return;
Tests ran:
    a resource dep is built before the body runs, whether or not the body reads it
    an async resource dep is delivered as its value: the body reads it without awaiting
    a run over a still-building async dep waits for the build, then runs with the value
  and 60 more tests!


[Survived] OptionalChaining
src/index.ts:3720:3
-     instance.borrowers?.delete(work);
+     instance.borrowers.delete(work);
Tests ran:
    a resource dep is built before the body runs, whether or not the body reads it
    an async resource dep is delivered as its value: the body reads it without awaiting
    a run over a still-building async dep waits for the build, then runs with the value
  and 60 more tests!


[Survived] ConditionalExpression
src/index.ts:3727:7
-     if (isNothing(input)) return undefined;
+     if (false) return undefined;
Tests ran:
    a required tag reads its binding, or its default when unbound
    optional reads a bound tag as present
    all returns every binding nearest-first, with no default fallback
  and 105 more tests!


[Survived] ConditionalExpression
src/index.ts:3731:7
-     if (bindings.length <= SMALL_TAGS) return bindings;
+     if (true) return bindings;
Tests ran:
    a required tag reads its binding, or its default when unbound
    optional reads a bound tag as present
    all returns every binding nearest-first, with no default fallback
  and 92 more tests!


[Survived] ConditionalExpression
src/index.ts:3730:7
-     if (bindings.length === 0) return undefined;
+     if (false) return undefined;
Tests ran:
    a required tag reads its binding, or its default when unbound
    optional reads a bound tag as present
    all returns every binding nearest-first, with no default fallback
  and 93 more tests!


[Survived] EqualityOperator
src/index.ts:3731:7
-     if (bindings.length <= SMALL_TAGS) return bindings;
+     if (bindings.length < SMALL_TAGS) return bindings;
Tests ran:
    a required tag reads its binding, or its default when unbound
    optional reads a bound tag as present
    all returns every binding nearest-first, with no default fallback
  and 92 more tests!


[Survived] ConditionalExpression
src/index.ts:3731:7
-     if (bindings.length <= SMALL_TAGS) return bindings;
+     if (false) return bindings;
Tests ran:
    a required tag reads its binding, or its default when unbound
    optional reads a bound tag as present
    all returns every binding nearest-first, with no default fallback
  and 92 more tests!


[Survived] EqualityOperator
src/index.ts:3731:7
-     if (bindings.length <= SMALL_TAGS) return bindings;
+     if (bindings.length > SMALL_TAGS) return bindings;
Tests ran:
    a required tag reads its binding, or its default when unbound
    optional reads a bound tag as present
    all returns every binding nearest-first, with no default fallback
  and 92 more tests!


[Survived] ArrayDeclaration
src/index.ts:3753:28
-       else pushMany((out ??= []), item, isNotList);
+       else pushMany((out ??= ["Stryker was here"]), item, isNotList);
Tests ran:
    scope and session tags take the same authored shape: a binding, nothing, or a nested list
    a call's tags take the authored shape: a single binding opens the session, a nested nothing does not


[Survived] ConditionalExpression
src/index.ts:3764:7
-     if (list.length === 0) return NO_PRESETS;
+     if (false) return NO_PRESETS;
Tests ran:
    a data preset is seen by a downstream operation, validated by parse
    a data preset value runs through parse and can be rejected
    an operation preset replaces the run for a downstream subflow
  and 11 more tests!


[Survived] ConditionalExpression
src/index.ts:3752:9
-       if (out === undefined && isNotList(item)) out = [item];
+       if (false) out = [item];
Tests ran:
    a required tag reads its binding, or its default when unbound
    optional reads a bound tag as present
    all returns every binding nearest-first, with no default fallback
  and 92 more tests!


[Survived] ConditionalExpression
src/index.ts:3861:7
-     if (trace === null) return undefined;
+     if (false) return undefined;
Tests ran:
    resolving an operation with a subflow yields a parent-linked span tree
    two interleaved async operations link each leaf span to its own parent
    a throwing exporter does not fail the operation
  and 60 more tests!


[Survived] ConditionalExpression
src/index.ts:3885:7
-     if (layer.aborted) return;
+     if (false) return;
Tests ran:
    an async resource dep is delivered as its value: the body reads it without awaiting
    a run over a still-building async dep waits for the build, then runs with the value
    a failed async build fails the call before the body runs and stays failed until release
  and 467 more tests!


[Survived] CallExpression
src/index.ts:3901:41
-       for (const child of layer.children) stack.push(child);
+       for (const child of layer.children) ;
Tests ran:
    a leaf failure bubbles out through nested sessions to the caller and rolls back the leaf
    closing a deeply nested scope tree does not overflow
    close keeps a child's real failure and cleanup error while waiting for its parent's body
  and 9 more tests!


[Survived] BlockStatement
src/index.ts:3916:25
-     if (isHeld(instance)) {
-       finishTracked(instance);
-       return;
-     }
+     if (isHeld(instance)) {}
Tests ran:
    a fallback client survives release of a different pool bucket, with or without hooks
    a fallback client rebuilds when its selected pool bucket is released, with or without hooks


[Survived] CallExpression
src/index.ts:3917:5
-       finishTracked(instance);
+       ;
Tests ran:
    a fallback client survives release of a different pool bucket, with or without hooks
    a fallback client rebuilds when its selected pool bucket is released, with or without hooks


[Survived] ConditionalExpression
src/index.ts:3916:7
-     if (isHeld(instance)) {
+     if (false) {
Tests ran:
    resource cleanup runs on close
    cleanup registered by an in-flight factory during close still runs
    session(fn) success commits via onOutcome; a thrown error rolls back and propagates
  and 79 more tests!


[Survived] BlockStatement
src/index.ts:3938:19
-     } catch (cause) {
-       addError(layer, cause);
-     }
+     } catch (cause) {}
Tests ran:
    a concurrent close during an async hook awaits the real teardown and its error


[Survived] ConditionalExpression
src/index.ts:3921:7
-     if (finished) await finished;
+     if (true) await finished;
Tests ran:
    resource cleanup runs on close
    cleanup registered by an in-flight factory during close still runs
    session(fn) success commits via onOutcome; a thrown error rolls back and propagates
  and 77 more tests!


[Survived] CallExpression
src/index.ts:3939:5
-       addError(layer, cause);
+       ;
Tests ran:
    a concurrent close during an async hook awaits the real teardown and its error


[Survived] ConditionalExpression
src/index.ts:3921:7
-     if (finished) await finished;
+     if (false) await finished;
Tests ran:
    resource cleanup runs on close
    cleanup registered by an in-flight factory during close still runs
    session(fn) success commits via onOutcome; a thrown error rolls back and propagates
  and 77 more tests!


[Survived] ConditionalExpression
src/index.ts:3945:10
-     return entries.length === 0 ? READY : drainEntries(layer, entries, end);
+     return false ? READY : drainEntries(layer, entries, end);
Tests ran:
    a failed async build fails the call before the body runs and stays failed until release
    a closed scope's held controller still reads the initial value
    close runs children first, then userland onClose hooks in LIFO order
  and 332 more tests!


[Survived] BooleanLiteral
src/index.ts:4003:23
-       layer.cancelled = true;
+       layer.cancelled = false;
Tests ran:
    an async resource dep is delivered as its value: the body reads it without awaiting
    a run over a still-building async dep waits for the build, then runs with the value
    resolve of an async resource keeps returning the same settled promise
  and 300 more tests!


[Survived] CallExpression
src/index.ts:4006:3
-     detachLayer(layer);
+     ;
Tests ran:
    an async resource dep is delivered as its value: the body reads it without awaiting
    a run over a still-building async dep waits for the build, then runs with the value
    resolve of an async resource keeps returning the same settled promise
  and 394 more tests!


[Survived] ConditionalExpression
src/index.ts:4009:5
-       hooks || withData ? keepData(layer, ended, hooks, withData) : ended,
+       true ? keepData(layer, ended, hooks, withData) : ended,
Tests ran:
    an async resource dep is delivered as its value: the body reads it without awaiting
    a run over a still-building async dep waits for the build, then runs with the value
    resolve of an async resource keeps returning the same settled promise
  and 394 more tests!


[Survived] ConditionalExpression
src/index.ts:4026:5
-       layer.closing === undefined &&
+       true &&
Tests ran:
    session(fn) success commits via onOutcome; a thrown error rolls back and propagates
    a throwing onOutcome is aggregated, keeps the outcome, and does not stop other hooks
    session(fn) closes the child automatically after fn returns
  and 77 more tests!


[Survived] ArithmeticOperator
src/index.ts:4031:5
-       layer.pending.size + layer.resourceHolds === 0 &&
+       layer.pending.size - layer.resourceHolds === 0 &&
Tests ran:
    session(fn) success commits via onOutcome; a thrown error rolls back and propagates
    a throwing onOutcome is aggregated, keeps the outcome, and does not stop other hooks
    session(fn) closes the child automatically after fn returns
  and 63 more tests!


[Survived] ArithmeticOperator
src/index.ts:4032:5
-       layer.defers.length + layer.secondary.length === 0 &&
+       layer.defers.length - layer.secondary.length === 0 &&
Tests ran:
    session(fn) success commits via onOutcome; a thrown error rolls back and propagates
    a throwing onOutcome is aggregated, keeps the outcome, and does not stop other hooks
    session(fn) closes the child automatically after fn returns
  and 58 more tests!


[Survived] ConditionalExpression
src/index.ts:4043:5
-       layer.descendantFailure !== undefined ||
+       false ||
Tests ran:
    session(fn) closes the child automatically after fn returns
    settled() inside session(fn) drains owned work without waiting on the body itself
    a session that completes before any cancel keeps its success (Q5)
  and 44 more tests!


[Survived] ConditionalExpression
src/index.ts:4049:7
-     if (layer.nodes === NO_NODES) return true;
+     if (false) return true;
Tests ran:
    session(fn) closes the child automatically after fn returns
    settled() inside session(fn) drains owned work without waiting on the body itself
    a session that completes before any cancel keeps its success (Q5)
  and 44 more tests!


[Survived] ConditionalExpression
src/index.ts:4112:5
-       body?.status === "failed" ||
+       false ||
Tests ran:
    a resource cleanup rolls back on a forced close, commits on a graceful close
    a graceful close still force-rolls-back children when the scope already failed
    a child still closing when its parent close is called is collected (graceful=true)
  and 84 more tests!


[Survived] StringLiteral
src/index.ts:4112:22
-       body?.status === "failed" ||
+       body?.status === "" ||
Tests ran:
    a resource cleanup rolls back on a forced close, commits on a graceful close
    a graceful close still force-rolls-back children when the scope already failed
    a child still closing when its parent close is called is collected (graceful=true)
  and 84 more tests!


[Survived] ConditionalExpression
src/index.ts:4113:5
-       (failureOf(layer) ?? layer.descendantFailure) !== undefined;
+       false;
Tests ran:
    a resource cleanup rolls back on a forced close, commits on a graceful close
    a graceful close still force-rolls-back children when the scope already failed
    a child still closing when its parent close is called is collected (graceful=true)
  and 84 more tests!


[Survived] LogicalOperator
src/index.ts:4113:6
-       (failureOf(layer) ?? layer.descendantFailure) !== undefined;
+       (failureOf(layer) && layer.descendantFailure) !== undefined;
Tests ran:
    a resource cleanup rolls back on a forced close, commits on a graceful close
    a graceful close still force-rolls-back children when the scope already failed
    a child still closing when its parent close is called is collected (graceful=true)
  and 84 more tests!


[Survived] CallExpression
src/index.ts:4141:19
-       if (finished) ignoreRejection(finished);
+       if (finished) ;
Tests ran:
    a dependent's defer runs before its dependency's (registration order)
    releaseNs keeps a dependency alive until its named dependent borrow ends
    a fallback client survives release of a different pool bucket, with or without hooks
  and 2 more tests!


[Survived] ConditionalExpression
src/index.ts:4141:9
-       if (finished) ignoreRejection(finished);
+       if (false) ignoreRejection(finished);
Tests ran:
    a failed async build fails the call before the body runs and stays failed until release
    resource cleanup runs on close
    cleanup registered by an in-flight factory during close still runs
  and 85 more tests!


[Survived] ConditionalExpression
src/index.ts:4143:10
-     while (layer.pending.size) await Promise.all(layer.pending);
+     while (false) await Promise.all(layer.pending);
Tests ran:
    a failed async build fails the call before the body runs and stays failed until release
    resource cleanup runs on close
    cleanup registered by an in-flight factory during close still runs
  and 85 more tests!


[Survived] ConditionalExpression
src/index.ts:4167:12
-       await (layer.children.size === 0 ? READY : closeEach(layer, rollback));
+       await (false ? READY : closeEach(layer, rollback));
Tests ran:
    a failed async build fails the call before the body runs and stays failed until release
    a closed scope's held controller still reads the initial value
    close runs children first, then userland onClose hooks in LIFO order
  and 332 more tests!


[Survived] ConditionalExpression
src/index.ts:4168:12
-       while (layer.pending.size) await Promise.all(layer.pending);
+       while (false) await Promise.all(layer.pending);
Tests ran:
    a failed async build fails the call before the body runs and stays failed until release
    a closed scope's held controller still reads the initial value
    close runs children first, then userland onClose hooks in LIFO order
  and 332 more tests!


[Survived] ConditionalExpression
src/index.ts:4171:9
-       if (instances.length) await closeInstances(layer, settled, instances);
+       if (true) await closeInstances(layer, settled, instances);
Tests ran:
    a failed async build fails the call before the body runs and stays failed until release
    a closed scope's held controller still reads the initial value
    close runs children first, then userland onClose hooks in LIFO order
  and 332 more tests!


[Survived] ConditionalExpression
src/index.ts:4177:19
-       const keeps = hooks !== undefined || withData;
+       const keeps = true;
Tests ran:
    a failed async build fails the call before the body runs and stays failed until release
    a closed scope's held controller still reads the initial value
    close runs children first, then userland onClose hooks in LIFO order
  and 332 more tests!


[Survived] CallExpression
src/index.ts:4195:3
-     layer.pending.clear();
+     ;
Tests ran:
    a failed async build fails the call before the body runs and stays failed until release
    a closed scope's held controller still reads the initial value
    close runs children first, then userland onClose hooks in LIFO order
  and 367 more tests!


[Survived] CallExpression
src/index.ts:4196:3
-     layer.children.clear();
+     ;
Tests ran:
    a failed async build fails the call before the body runs and stays failed until release
    a closed scope's held controller still reads the initial value
    close runs children first, then userland onClose hooks in LIFO order
  and 367 more tests!


[Survived] ObjectLiteral
src/index.ts:4249:47
-         signal.addEventListener("abort", abort, { once: true });
+         signal.addEventListener("abort", abort, {});
Tests ran:
    a call signal stops a nested wait before the retry clock advances
    a cancelled call waits for its cleanup before it settles
    a distinct error after call cancellation remains a handled failure
  and 10 more tests!


[Survived] BooleanLiteral
src/index.ts:4249:55
-         signal.addEventListener("abort", abort, { once: true });
+         signal.addEventListener("abort", abort, { once: false });
Tests ran:
    a call signal stops a nested wait before the retry clock advances
    a cancelled call waits for its cleanup before it settles
    a distinct error after call cancellation remains a handled failure
  and 10 more tests!


[Survived] ConditionalExpression
src/index.ts:4200:7
-     if (layer.nodes.size !== 0) {
+     if (true) {
Tests ran:
    a failed async build fails the call before the body runs and stays failed until release
    a closed scope's held controller still reads the initial value
    close runs children first, then userland onClose hooks in LIFO order
  and 345 more tests!


[Survived] ArrowFunction
src/index.ts:4251:13
-           fn: () => signal.removeEventListener("abort", abort),
+           fn: () => undefined,
Tests ran:
    a call signal stops a nested wait before the retry clock advances
    a cancelled call waits for its cleanup before it settles
    a distinct error after call cancellation remains a handled failure
  and 10 more tests!


[Survived] StringLiteral
src/index.ts:4251:46
-           fn: () => signal.removeEventListener("abort", abort),
+           fn: () => signal.removeEventListener("", abort),
Tests ran:
    a call signal stops a nested wait before the retry clock advances
    a cancelled call waits for its cleanup before it settles
    a distinct error after call cancellation remains a handled failure
  and 10 more tests!


[Survived] CallExpression
src/index.ts:4204:3
-     clearBindings(layer);
+     ;
Tests ran:
    a failed async build fails the call before the body runs and stays failed until release
    a closed scope's held controller still reads the initial value
    close runs children first, then userland onClose hooks in LIFO order
  and 345 more tests!


[Survived] BooleanLiteral
src/index.ts:4293:22
-     finishLayer(layer, false);
+     finishLayer(layer, true);
Tests ran:
    session(fn) closes the child automatically after fn returns
    settled() inside session(fn) drains owned work without waiting on the body itself
    a session that completes before any cancel keeps its success (Q5)
  and 36 more tests!


[Survived] BlockStatement
src/index.ts:4312:55
-     if ((await ended) === SUCCESS && canEndIdle(child)) {
-       endInPlace(child);
-       return result as R;
-     }
+     if ((await ended) === SUCCESS && canEndIdle(child)) {}
Tests ran:
    settled() inside session(fn) drains owned work without waiting on the body itself
    a session that completes before any cancel keeps its success (Q5)
    a tagged call that must wait still returns a native promise (ADR 0072)
  and 19 more tests!


[Survived] ConditionalExpression
src/index.ts:4368:33
-     if (raw instanceof Promise && raw.constructor === Promise) return raw;
+     if (raw instanceof Promise && true) return raw;
Tests ran:
    closing the parent while a session runs joins the body and rolls back on its failure
    settled() inside session(fn) drains owned work without waiting on the body itself
    when owned work and the body both fail, the body cause is primary for hook and caller
  and 56 more tests!


[Survived] ConditionalExpression
src/index.ts:4370:33
-       (typeof raw === "object" && raw !== null) || typeof raw === "function"
+       (typeof raw === "object" && true) || typeof raw === "function"
Tests ran:
    session(fn) closes the child automatically after fn returns
    operation, resource, and manual children inherit the trace and name their parent span
    a session copies its remote trace seed and child sessions inherit it
  and 16 more tests!


[Survived] ConditionalExpression
src/index.ts:4396:7
-     if (isResource(target)) return resourceController(layer, target, undefined, chain);
+     if (true) return resourceController(layer, target, undefined, chain);
Tests ran:
    a failed async named build stays on its bucket until releaseNs
    a resource chain reuses its fallback then switches to a nearer warm bucket


[Survived] ConditionalExpression
src/index.ts:4385:7
-     if (isExtension(target)) return resolveExtension(layer, target);
+     if (false) return resolveExtension(layer, target);
Tests ran:
    run access follows the session owner and inherited or explicit namespace chain
    tagged events use the actual child and fire each hook once
    write and resolve events bind access and cleanup to their owner
  and 2 more tests!


[Survived] ConditionalExpression
src/index.ts:4370:50
-       (typeof raw === "object" && raw !== null) || typeof raw === "function"
+       (typeof raw === "object" && raw !== null) || false
Tests ran:
    session(fn) success commits via onOutcome; a thrown error rolls back and propagates
    a throwing onOutcome is aggregated, keeps the outcome, and does not stop other hooks
    owned async work that fails settles the session outcome as failed and surfaces its cause
  and 84 more tests!


[Survived] StringLiteral
src/index.ts:4370:65
-       (typeof raw === "object" && raw !== null) || typeof raw === "function"
+       (typeof raw === "object" && raw !== null) || typeof raw === ""
Tests ran:
    session(fn) success commits via onOutcome; a thrown error rolls back and propagates
    a throwing onOutcome is aggregated, keeps the outcome, and does not stop other hooks
    owned async work that fails settles the session outcome as failed and surfaces its cause
  and 84 more tests!


[Survived] ConditionalExpression
src/index.ts:4430:10
-     return call === undefined ? dispatch() : dispatch(call);
+     return false ? dispatch() : dispatch(call);
Tests ran:
    scope.run runs an inline operation with deps and ctx
    scope.run runs an inline operation with no call: deps resolve and ctx.input is void
    a labelled inline run yields its name with a nested subflow under it
  and 25 more tests!


[Survived] MethodExpression
src/index.ts:4526:18
-       spans: () => layer.obs.history.slice(),
+       spans: () => layer.obs.history,
Tests ran:
    observation off gives ctx.obs.span undefined and no retained spans
    history is bounded and toggles independently of export and logging
    a labelled inline run yields its name with a nested subflow under it
  and 22 more tests!


[Survived] CallExpression
src/index.ts:4512:7
-         ensureOpen(layer);
+         ;
Tests ran:
    a session inherits its parent's data and tags
    a session write shadows locally (copy-on-write); the parent is unchanged
    inherited watchers react to parent writes until the child shadows
  and 147 more tests!


[Survived] AssignmentOperator
src/index.ts:4571:7
-         state.gen += 1;
+         state.gen -= 1;
Tests ran:
    a named run keeps a scope pool alive through its session client
    release without ns drops every named resource bucket
    release waits for a live borrow from a named bucket
  and 5 more tests!


[Survived] CallExpression
src/index.ts:4576:7
-         detachNsDependencies(state);
+         ;
Tests ran:
    a named run keeps a scope pool alive through its session client
    release without ns drops every named resource bucket
    release waits for a live borrow from a named bucket
  and 5 more tests!


[Survived] CallExpression
src/index.ts:4580:3
-     detachDependent(owner, target);
+     ;
Tests ran:
    a failed async build fails the call before the body runs and stays failed until release
    releasing a resource runs its cleanup and a re-resolve rebuilds a new instance
    a build in flight when its resource is released never publishes
  and 80 more tests!


[Survived] OptionalChaining
src/index.ts:4548:43
-     return extendHandle(layer, plain, exts, options?.signal);
+     return extendHandle(layer, plain, exts, options.signal);
Tests ran:
    presets and extensions take the same authored shape: nested lists and false are read flat
    ready waits for an async start
    a rejected start rejects ready and fails the scope
  and 152 more tests!


[Survived] AssignmentOperator
src/index.ts:4563:3
-     s.gen += 1;
+     s.gen -= 1;
Tests ran:
    a failed async build fails the call before the body runs and stays failed until release
    releasing a resource runs its cleanup and a re-resolve rebuilds a new instance
    a build in flight when its resource is released never publishes
  and 80 more tests!


[Survived] ConditionalExpression
src/index.ts:4637:9
-       if (!owners) {
+       if (true) {
Tests ran:
    a failed async build fails the call before the body runs and stays failed until release
    releasing a resource runs its cleanup and a re-resolve rebuilds a new instance
    a build in flight when its resource is released never publishes
  and 88 more tests!


[Survived] CallExpression
src/index.ts:4639:7
-         seen.set(item.node, owners);
+         ;
Tests ran:
    a failed async build fails the call before the body runs and stays failed until release
    releasing a resource runs its cleanup and a re-resolve rebuilds a new instance
    a build in flight when its resource is released never publishes
  and 88 more tests!


[Survived] ConditionalExpression
src/index.ts:4641:9
-       if (owners.has(item.owner)) continue;
+       if (false) continue;
Tests ran:
    a failed async build fails the call before the body runs and stays failed until release
    releasing a resource runs its cleanup and a re-resolve rebuilds a new instance
    a build in flight when its resource is released never publishes
  and 88 more tests!


[Survived] CallExpression
src/index.ts:4642:5
-       owners.add(item.owner);
+       ;
Tests ran:
    a failed async build fails the call before the body runs and stays failed until release
    releasing a resource runs its cleanup and a re-resolve rebuilds a new instance
    a build in flight when its resource is released never publishes
  and 88 more tests!


[Survived] ConditionalExpression
src/index.ts:4689:12
-     else if (target.target !== "scope") releaseNamedResource(owner, target, ns);
+     else if (true) releaseNamedResource(owner, target, ns);
Tests ran:
    a failed async named build stays on its bucket until releaseNs
    a named run borrows the bucket selected after earlier dependencies resolve
    a named run borrows a replacement built after an earlier dependency releases it
  and 23 more tests!


[Survived] StringLiteral
src/index.ts:4689:30
-     else if (target.target !== "scope") releaseNamedResource(owner, target, ns);
+     else if (target.target !== "") releaseNamedResource(owner, target, ns);
Tests ran:
    a failed async named build stays on its bucket until releaseNs
    a named run borrows the bucket selected after earlier dependencies resolve
    a named run borrows a replacement built after an earlier dependency releases it
  and 23 more tests!


[Survived] CallExpression
src/index.ts:4665:3
-     ensureOpen(layer);
+     ;
Tests ran:
    a failed async build fails the call before the body runs and stays failed until release
    releasing a resource runs its cleanup and a re-resolve rebuilds a new instance
    a build in flight when its resource is released never publishes
  and 89 more tests!


[Survived] ConditionalExpression
src/index.ts:4696:7
-     if (!entry) return;
+     if (false) return;
Tests ran:
    releaseNs still unlinks a new named client after release(cell)
    releaseNs resets one data bucket and leaves its sibling and default
    releaseNs on named data invalidates only resources that read that bucket
  and 11 more tests!


[Survived] OptionalChaining
src/index.ts:4708:17
-     const state = owner.nodes.get(target)?.nsResources?.get(ns);
+     const state = owner.nodes.get(target)?.nsResources.get(ns);
Tests ran:
    a failed async named build stays on its bucket until releaseNs
    a named run borrows the bucket selected after earlier dependencies resolve
    a named run borrows a replacement built after an earlier dependency releases it
  and 22 more tests!


[Survived] ConditionalExpression
src/index.ts:4670:7
-     if (isData(target)) {
+     if (true) {
Tests ran:
    a failed async build fails the call before the body runs and stays failed until release
    releasing a resource runs its cleanup and a re-resolve rebuilds a new instance
    a build in flight when its resource is released never publishes
  and 88 more tests!


[Survived] ConditionalExpression
src/index.ts:4743:10
-     return state.owner.nodes.get(state.target)?.nsResources?.get(state.key) === state;
+     return true;
Tests ran:
    a failed async named build stays on its bucket until releaseNs
    a named run borrows the bucket selected after earlier dependencies resolve
    a named run borrows a replacement built after an earlier dependency releases it
  and 30 more tests!


[Survived] OptionalChaining
src/index.ts:4743:10
-     return state.owner.nodes.get(state.target)?.nsResources?.get(state.key) === state;
+     return state.owner.nodes.get(state.target)?.nsResources.get(state.key) === state;
Tests ran:
    a failed async named build stays on its bucket until releaseNs
    a named run borrows the bucket selected after earlier dependencies resolve
    a named run borrows a replacement built after an earlier dependency releases it
  and 30 more tests!


[Survived] OptionalChaining
src/index.ts:4743:10
-     return state.owner.nodes.get(state.target)?.nsResources?.get(state.key) === state;
+     return state.owner.nodes.get(state.target).nsResources?.get(state.key) === state;
Tests ran:
    a failed async named build stays on its bucket until releaseNs
    a named run borrows the bucket selected after earlier dependencies resolve
    a named run borrows a replacement built after an earlier dependency releases it
  and 30 more tests!


[Survived] OptionalChaining
src/index.ts:4748:3
-     state.owner.nodes.get(state.target)?.nsResources?.delete(state.key);
+     state.owner.nodes.get(state.target)?.nsResources.delete(state.key);
Tests ran:
    a failed async named build stays on its bucket until releaseNs
    a named run borrows the bucket selected after earlier dependencies resolve
    a named run borrows a replacement built after an earlier dependency releases it
  and 30 more tests!


[Survived] OptionalChaining
src/index.ts:4748:3
-     state.owner.nodes.get(state.target)?.nsResources?.delete(state.key);
+     state.owner.nodes.get(state.target).nsResources?.delete(state.key);
Tests ran:
    a failed async named build stays on its bucket until releaseNs
    a named run borrows the bucket selected after earlier dependencies resolve
    a named run borrows a replacement built after an earlier dependency releases it
  and 30 more tests!


[Survived] CallExpression
src/index.ts:4749:3
-     detachNsDependencies(state);
+     ;
Tests ran:
    a failed async named build stays on its bucket until releaseNs
    a named run borrows the bucket selected after earlier dependencies resolve
    a named run borrows a replacement built after an earlier dependency releases it
  and 30 more tests!


[Survived] UpdateOperator
src/index.ts:4750:3
-     state.gen++;
+     state.gen--;
Tests ran:
    a failed async named build stays on its bucket until releaseNs
    a named run borrows the bucket selected after earlier dependencies resolve
    a named run borrows a replacement built after an earlier dependency releases it
  and 30 more tests!


[Survived] ConditionalExpression
src/index.ts:4680:9
-       if (dataReleased && isData(target)) flushCell(layer, target);
+       if (true) flushCell(layer, target);
Tests ran:
    a failed async build fails the call before the body runs and stays failed until release
    releasing a resource runs its cleanup and a re-resolve rebuilds a new instance
    a build in flight when its resource is released never publishes
  and 88 more tests!


[Survived] LogicalOperator
src/index.ts:4680:9
-       if (dataReleased && isData(target)) flushCell(layer, target);
+       if (dataReleased || isData(target)) flushCell(layer, target);
Tests ran:
    a failed async build fails the call before the body runs and stays failed until release
    releasing a resource runs its cleanup and a re-resolve rebuilds a new instance
    a build in flight when its resource is released never publishes
  and 88 more tests!


[Survived] LogicalOperator
src/index.ts:4784:12
-       prev = finishInstance(instance, prev) ?? prev;
+       prev = finishInstance(instance, prev) && prev;
Tests ran:
    a failed async build fails the call before the body runs and stays failed until release
    a throwing cleanup mid-cascade still drops every dependent's cache
    releasing a scope resource skips a closing session and still releases the others
  and 3 more tests!


[Survived] CallExpression
src/index.ts:4860:10
-     } else freeData(layer, withData);
+     } else ;
Tests ran:
    a throwing session hook rejects the session with its error
    closed and repeated closes share the first close's Result (withData: true)
    close({ withData: true }) keeps the data inside the body, and gets none after it
  and 3 more tests!


[Survived] LogicalOperator
src/index.ts:4774:41
-     return drainHookless(entry.instances, gate ?? prev);
+     return drainHookless(entry.instances, gate && prev);
Tests ran:
    a failed async build fails the call before the body runs and stays failed until release
    releasing a resource runs its cleanup and a re-resolve rebuilds a new instance
    a build in flight when its resource is released never publishes
  and 112 more tests!


[Survived] CallExpression
src/index.ts:4868:16
-       if (moved) keepCellsOnly(s);
+       if (moved) ;
Tests ran:
    closed and repeated closes share the first close's Result (withData: true)
    close({ withData: true }) keeps the data inside the body, and gets none after it
    a withData close hands over what the session wrote, never what it inherited
  and 2 more tests!


[Survived] BlockStatement
src/index.ts:4867:41
-     for (const s of layer.nodes.values()) {
-       if (moved) keepCellsOnly(s);
-       else s.eff = undefined;
-     }
+     for (const s of layer.nodes.values()) {}
Tests ran:
    session(fn) reports the close Result: success, a failed run, a forced close
    a session copies its remote trace seed and child sessions inherit it
    an idle session close aborts its resource and session hook closing signals
  and 13 more tests!


[Survived] ConditionalExpression
src/index.ts:4868:9
-       if (moved) keepCellsOnly(s);
+       if (true) keepCellsOnly(s);
Tests ran:
    session(fn) reports the close Result: success, a failed run, a forced close
    a session copies its remote trace seed and child sessions inherit it
    an idle session close aborts its resource and session hook closing signals
  and 13 more tests!


[Survived] BlockStatement
src/index.ts:4866:55
-   function freeData(layer: Layer, moved: boolean): void {
-     for (const s of layer.nodes.values()) {
-       if (moved) keepCellsOnly(s);
-       else s.eff = undefined;
-     }
-     layer.nodes = new Map();
-     clearBindings(layer);
-   }
+   function freeData(layer: Layer, moved: boolean): void {}
Tests ran:
    two session hooks nest in registration order and both see success
    createSession plus an explicit close runs the chain: graceful success, forced cancelled
    session(fn) reports the close Result: success, a failed run, a forced close
  and 33 more tests!


[Survived] ConditionalExpression
src/index.ts:4868:9
-       if (moved) keepCellsOnly(s);
+       if (false) keepCellsOnly(s);
Tests ran:
    session(fn) reports the close Result: success, a failed run, a forced close
    a session copies its remote trace seed and child sessions inherit it
    an idle session close aborts its resource and session hook closing signals
  and 13 more tests!


[Survived] ConditionalExpression
src/index.ts:4878:7
-     if (hooks.phase === "held") freeData(layer, hooks.moved);
+     if (true) freeData(layer, hooks.moved);
Tests ran:
    two session hooks nest in registration order and both see success
    createSession plus an explicit close runs the chain: graceful success, forced cancelled
    session(fn) reports the close Result: success, a failed run, a forced close
  and 28 more tests!


[Survived] CallExpression
src/index.ts:4872:3
-     clearBindings(layer);
+     ;
Tests ran:
    two session hooks nest in registration order and both see success
    createSession plus an explicit close runs the chain: graceful success, forced cancelled
    session(fn) reports the close Result: success, a failed run, a forced close
  and 33 more tests!


[Survived] ConditionalExpression
src/index.ts:4878:7
-     if (hooks.phase === "held") freeData(layer, hooks.moved);
+     if (false) freeData(layer, hooks.moved);
Tests ran:
    two session hooks nest in registration order and both see success
    createSession plus an explicit close runs the chain: graceful success, forced cancelled
    session(fn) reports the close Result: success, a failed run, a forced close
  and 28 more tests!


[Survived] EqualityOperator
src/index.ts:4878:7
-     if (hooks.phase === "held") freeData(layer, hooks.moved);
+     if (hooks.phase !== "held") freeData(layer, hooks.moved);
Tests ran:
    two session hooks nest in registration order and both see success
    createSession plus an explicit close runs the chain: graceful success, forced cancelled
    session(fn) reports the close Result: success, a failed run, a forced close
  and 28 more tests!


[Survived] StringLiteral
src/index.ts:4878:23
-     if (hooks.phase === "held") freeData(layer, hooks.moved);
+     if (hooks.phase === "") freeData(layer, hooks.moved);
Tests ran:
    two session hooks nest in registration order and both see success
    createSession plus an explicit close runs the chain: graceful success, forced cancelled
    session(fn) reports the close Result: success, a failed run, a forced close
  and 28 more tests!


[Survived] BlockStatement
src/index.ts:4888:44
-   function keepCellsOnly(s: NodeState): void {
-     s.eff = undefined;
-     s.resource = undefined;
-     s.promise = undefined;
-     s.failed = undefined;
-     s.build = undefined;
-     s.instance = undefined;
-     s.dependents = undefined;
-     s.controller = undefined;
-     s.watchers = undefined;
-     s.notified = undefined;
-     s.nsResources = undefined;
-     s.nsDataDependents = undefined;
-     s.nsWatchers = undefined;
-   }
+   function keepCellsOnly(s: NodeState): void {}
Tests ran:
    closed and repeated closes share the first close's Result (withData: true)
    close({ withData: true }) keeps the data inside the body, and gets none after it
    a withData close hands over what the session wrote, never what it inherited
  and 2 more tests!


[Survived] ConditionalExpression
src/index.ts:4837:9
-       if (owner.closed) continue;
+       if (false) continue;
Tests ran:
    a failed async build fails the call before the body runs and stays failed until release
    releasing a resource runs its cleanup and a re-resolve rebuilds a new instance
    a build in flight when its resource is released never publishes
  and 88 more tests!


[Survived] BooleanLiteral
src/index.ts:4835:22
-     let dataReleased = false;
+     let dataReleased = true;
Tests ran:
    a failed async build fails the call before the body runs and stays failed until release
    releasing a resource runs its cleanup and a re-resolve rebuilds a new instance
    a build in flight when its resource is released never publishes
  and 88 more tests!


[Survived] ObjectLiteral
src/index.ts:4908:23
-       raise("Disposed", { reason: "scope is closed" });
+       raise("Disposed", {});
Tests ran:
    a leaked handle is disposed once the body returned: resolve raises Disposed
    a default close frees a session's data and returns none
    a session hook cannot write a cell or read a resource after next
  and 1 more test!


[Survived] StringLiteral
src/index.ts:4908:33
-       raise("Disposed", { reason: "scope is closed" });
+       raise("Disposed", { reason: "" });
Tests ran:
    a leaked handle is disposed once the body returned: resolve raises Disposed
    a default close frees a session's data and returns none
    a session hook cannot write a cell or read a resource after next
  and 1 more test!


[Survived] ConditionalExpression
src/index.ts:4909:35
-     return resolveNs(layer, target, ns?.ns === undefined ? layer.ns : nsChainOf(ns.ns));
+     return resolveNs(layer, target, true ? layer.ns : nsChainOf(ns.ns));
Tests ran:
    session hooks read the first write after next and run hooks fire once
    a session hook reads the session's cells and tags after next


[Survived] StringLiteral
src/index.ts:4879:17
-     hooks.phase = "done";
+     hooks.phase = "";
Tests ran:
    two session hooks nest in registration order and both see success
    createSession plus an explicit close runs the chain: graceful success, forced cancelled
    session(fn) reports the close Result: success, a failed run, a forced close
  and 28 more tests!


[Survived] CallExpression
src/index.ts:4878:31
-     if (hooks.phase === "held") freeData(layer, hooks.moved);
+     if (hooks.phase === "held") ;
Tests ran:
    two session hooks nest in registration order and both see success
    createSession plus an explicit close runs the chain: graceful success, forced cancelled
    session(fn) reports the close Result: success, a failed run, a forced close
  and 27 more tests!


[Survived] OptionalChaining
src/index.ts:4933:20
-       const bucket = rec.nsCells?.get(key);
+       const bucket = rec.nsCells.get(key);
Tests ran:
    a family member and a namespaced session's cell read back from data


[Survived] ConditionalExpression
src/index.ts:4934:9
-       if (bucket !== undefined) return bucket;
+       if (true) return bucket;
Tests ran:
    a family member and a namespaced session's cell read back from data


[Survived] ConditionalExpression
src/index.ts:4947:5
-       state.nsResources !== undefined ||
+       false ||
Tests ran:
    settled() inside session(fn) drains owned work without waiting on the body itself
    a child session reads its parent scope's clock
    a tagged subflow inherits its named caller's namespace
  and 17 more tests!


[Survived] UpdateOperator
src/index.ts:4981:5
-       hops++;
+       hops--;
Tests ran:
    a session inherits its parent's data and tags
    a session write shadows locally (copy-on-write); the parent is unchanged
    inherited watchers react to parent writes until the child shadows
  and 34 more tests!


[Survived] ConditionalExpression
src/index.ts:5003:12
-     else if (hops >= 2 && !layer.lazy) nodeState(layer, target).eff = entry;
+     else if (true) nodeState(layer, target).eff = entry;
Tests ran:
    a session read bypasses the resolve chain
    in place: a sync body on an idle session comes back as a value, and reads its tag
    the first write stays in the tagged session: named=false
  and 3 more tests!


[Survived] ConditionalExpression
src/index.ts:5003:12
-     else if (hops >= 2 && !layer.lazy) nodeState(layer, target).eff = entry;
+     else if (false) nodeState(layer, target).eff = entry;
Tests ran:
    a session read bypasses the resolve chain
    in place: a sync body on an idle session comes back as a value, and reads its tag
    the first write stays in the tagged session: named=false
  and 3 more tests!


[Survived] ConditionalExpression
src/index.ts:5002:7
-     if (self !== undefined) self.eff = entry;
+     if (false) self.eff = entry;
Tests ran:
    a session inherits its parent's data and tags
    a session write shadows locally (copy-on-write); the parent is unchanged
    inherited watchers react to parent writes until the child shadows
  and 34 more tests!


[Survived] LogicalOperator
src/index.ts:5003:12
-     else if (hops >= 2 && !layer.lazy) nodeState(layer, target).eff = entry;
+     else if (hops >= 2 || !layer.lazy) nodeState(layer, target).eff = entry;
Tests ran:
    a session read bypasses the resolve chain
    in place: a sync body on an idle session comes back as a value, and reads its tag
    the first write stays in the tagged session: named=false
  and 3 more tests!


[Survived] ConditionalExpression
src/index.ts:5003:12
-     else if (hops >= 2 && !layer.lazy) nodeState(layer, target).eff = entry;
+     else if (true && !layer.lazy) nodeState(layer, target).eff = entry;
Tests ran:
    a session read bypasses the resolve chain
    in place: a sync body on an idle session comes back as a value, and reads its tag
    the first write stays in the tagged session: named=false
  and 3 more tests!


[Survived] EqualityOperator
src/index.ts:5003:12
-     else if (hops >= 2 && !layer.lazy) nodeState(layer, target).eff = entry;
+     else if (hops > 2 && !layer.lazy) nodeState(layer, target).eff = entry;
Tests ran:
    a session read bypasses the resolve chain
    in place: a sync body on an idle session comes back as a value, and reads its tag
    the first write stays in the tagged session: named=false
  and 3 more tests!


[Survived] EqualityOperator
src/index.ts:5003:12
-     else if (hops >= 2 && !layer.lazy) nodeState(layer, target).eff = entry;
+     else if (hops < 2 && !layer.lazy) nodeState(layer, target).eff = entry;
Tests ran:
    a session read bypasses the resolve chain
    in place: a sync body on an idle session comes back as a value, and reads its tag
    the first write stays in the tagged session: named=false
  and 3 more tests!


[Survived] ConditionalExpression
src/index.ts:5030:7
-     if (list) for (let i = list.length - 1; i >= 0; i--) out.push(list[i]);
+     if (true) for (let i = list.length - 1; i >= 0; i--) out.push(list[i]);
Tests ran:
    more than eight bindings on one layer: nearest wins and .all keeps authored order, newest first


[Survived] ConditionalExpression
src/index.ts:5026:52
-       for (let i = tags.length - 1; i >= 0; i--) if (tags[i].tag === target) out.push(tags[i].value);
+       for (let i = tags.length - 1; i >= 0; i--) if (true) out.push(tags[i].value);
Tests ran:
    all returns every binding nearest-first, with no default fallback
    nested tags: nearest layer wins, and .all collects nearest-first across layers
    scope and session tags take the same authored shape: a binding, nothing, or a nested list
  and 5 more tests!


[Survived] CallExpression
src/index.ts:5070:7
-         ignoreRejection(done);
+         ;
Tests ran:
    a session hook that throws before next still lets the body run and rethrows the hook error


[Survived] ConditionalExpression
src/index.ts:5018:10
-     return top === layer ? fresh : memoEntry(layer, self, target, fresh, hops);
+     return false ? fresh : memoEntry(layer, self, target, fresh, hops);
Tests ran:
    reads a cell's initial value through the scope seam
    parse transforms the initial before the first read
    set and update are reflected on the next read
  and 99 more tests!


[Survived] EqualityOperator
src/index.ts:5018:10
-     return top === layer ? fresh : memoEntry(layer, self, target, fresh, hops);
+     return top !== layer ? fresh : memoEntry(layer, self, target, fresh, hops);
Tests ran:
    reads a cell's initial value through the scope seam
    parse transforms the initial before the first read
    set and update are reflected on the next read
  and 99 more tests!


[Survived] ConditionalExpression
src/index.ts:5018:10
-     return top === layer ? fresh : memoEntry(layer, self, target, fresh, hops);
+     return true ? fresh : memoEntry(layer, self, target, fresh, hops);
Tests ran:
    reads a cell's initial value through the scope seam
    parse transforms the initial before the first read
    set and update are reflected on the next read
  and 99 more tests!


[Survived] StringLiteral
src/index.ts:5067:55
-         outcome = ext.hooks!.session!(hookEvent({ kind: "session", handle, next }, owner, ext.label));
+         outcome = ext.hooks!.session!(hookEvent({ kind: "", handle, next }, owner, ext.label));
Tests ran:
    two session hooks nest in registration order and both see success
    createSession plus an explicit close runs the chain: graceful success, forced cancelled
    session(fn) reports the close Result: success, a failed run, a forced close
  and 28 more tests!


[Survived] CallExpression
src/index.ts:5092:3
-     closeOrigin(error);
+     ;
Tests ran:
    span JSON keeps public fields, ids, attributes, and events without internal state
    a hook can settle a child failure without failing its owner
    a saved operation settle returns failed Disposed after its hook ends
  and 30 more tests!


[Survived] ConditionalExpression
src/index.ts:5095:7
-     if (origin) result.origin = origin;
+     if (true) result.origin = origin;
Tests ran:
    span JSON keeps public fields, ids, attributes, and events without internal state
    a hook can settle a child failure without failing its owner
    a saved operation settle returns failed Disposed after its hook ends
  and 30 more tests!


[Survived] CallExpression
src/index.ts:5129:3
-     materialize(layer);
+     ;
Tests ran:
    an idle session close aborts its resource and session hook closing signals
    a close hook's first closing read is already aborted
    a graceful root close ends a resource-owned wait before draining work
  and 9 more tests!


[Survived] CallExpression
src/index.ts:5141:23
-     if (layer.nsLinked) detachNsLinked(layer, layer.nsLinked);
+     if (layer.nsLinked) ;
Tests ran:
    a named run keeps a late dependency cleanup alive through its dependent
    a named run keeps dependencies borrowed after its dependent is released
    releaseNs keeps a dependency alive until its named dependent borrow ends
  and 24 more tests!


[Survived] OptionalChaining
src/index.ts:5172:17
-       const rec = EXTENSIONS.get(layer)?.get(ext);
+       const rec = EXTENSIONS.get(layer).get(ext);
Tests ran:
    presets and extensions take the same authored shape: nested lists and false are read flat
    ready waits for an async start
    start hooks nest: the first registered runs outermost
  and 24 more tests!


[Survived] StringLiteral
src/index.ts:5170:25
-         hookEvent({ kind: "start", scope, next }, layer, ext.label),
+         hookEvent({ kind: "", scope, next }, layer, ext.label),
Tests ran:
    presets and extensions take the same authored shape: nested lists and false are read flat
    ready waits for an async start
    a rejected start rejects ready and fails the scope
  and 32 more tests!


[Survived] ConditionalExpression
src/index.ts:5173:9
-       if (rec !== undefined) {
+       if (true) {
Tests ran:
    presets and extensions take the same authored shape: nested lists and false are read flat
    ready waits for an async start
    start hooks nest: the first registered runs outermost
  and 24 more tests!


[Survived] LogicalOperator
src/index.ts:5182:16
-           await (lifetime.closing ?? layer.closing ?? scope.close());
+           await (lifetime.closing && layer.closing ?? scope.close());
Tests ran:
    a rejected start rejects ready and fails the scope
    extension raise stamps the start ctx
    a failing start fails the scope with its cause
  and 5 more tests!


[Survived] ConditionalExpression
src/index.ts:5141:7
-     if (layer.nsLinked) detachNsLinked(layer, layer.nsLinked);
+     if (false) detachNsLinked(layer, layer.nsLinked);
Tests ran:
    an async resource dep is delivered as its value: the body reads it without awaiting
    a run over a still-building async dep waits for the build, then runs with the value
    a failed async build fails the call before the body runs and stays failed until release
  and 596 more tests!


[Survived] ConditionalExpression
src/index.ts:5250:9
-       if (this.flight === undefined) return controller;
+       if (false) return controller;
Tests ran:
    run access follows the session owner and inherited or explicit namespace chain
    tagged events use the actual child and fire each hook once
    saved controllers stay usable through a waiting hook and its graceful cleanup


[Survived] OptionalChaining
src/index.ts:5275:58
-             const value = resourceSlot(this.owner, target, this.flight?.span, chain, selected);
+             const value = resourceSlot(this.owner, target, this.flight.span, chain, selected);
Tests ran:
    a hook resolve holds its resource through release and run cleanup


[Survived] OptionalChaining
src/index.ts:5276:18
-             return state()?.promise ?? value;
+             return state().promise ?? value;
Tests ran:
    a hook resolve holds its resource through release and run cleanup


[Survived] ConditionalExpression
src/index.ts:5282:15
-             if (current) selected(owner, target, current);
+             if (true) selected(owner, target, current);
Tests ran:
    a hook controller holds its resource through release and run cleanup


[Survived] ConditionalExpression
src/index.ts:5301:9
-       if (this.flight === undefined) return controller;
+       if (false) return controller;
Tests ran:
    saved controllers stay usable through a waiting hook and its graceful cleanup
    a saved operation settle returns cancellation when its waiting hook is forced closed
    a saved operation settle returns failed Disposed after its hook ends


[Survived] ArrowFunction
src/index.ts:5306:27
-             return this.use(() => controller.settle(call));
+             return this.use(() => undefined);
Tests ran:
    a saved operation settle returns cancellation when its waiting hook is forced closed
    a saved operation settle returns failed Disposed after its hook ends


[Survived] ConditionalExpression
src/index.ts:5319:11
-         if (!isOperation(op))
+         if (true)
Tests ran:
    hook-started actions share the active trace and run cleanup
    a dropped hook-started action keeps its failure on the owner
    a hook can settle a child failure without failing its owner


[Survived] BooleanLiteral
src/index.ts:5319:11
-         if (!isOperation(op))
+         if (isOperation(op))
Tests ran:
    hook-started actions share the active trace and run cleanup
    a dropped hook-started action keeps its failure on the owner
    a hook can settle a child failure without failing its owner


[Survived] ConditionalExpression
src/index.ts:5319:11
-         if (!isOperation(op))
+         if (false)
Tests ran:
    hook-started actions share the active trace and run cleanup
    a dropped hook-started action keeps its failure on the owner
    a hook can settle a child failure without failing its owner


[Survived] OptionalChaining
src/index.ts:5320:65
-           return runInline(this.owner, op, call, caller, this.ns, this.flight?.span);
+           return runInline(this.owner, op, call, caller, this.ns, this.flight.span);
Tests ran:
    hook-started actions share the active trace and run cleanup


[Survived] OptionalChaining
src/index.ts:5355:12
-       return this.ctx?.obs ?? OFF_OBS;
+       return this.ctx.obs ?? OFF_OBS;
Tests ran:
    hook-started actions share the active trace and run cleanup


[Survived] ConditionalExpression
src/index.ts:5359:9
-       if (ctx) return ctx.log;
+       if (false) return ctx.log;
Tests ran:
    extension start extension start logs before and after next reach the scope sink without a span
    extension start a destructured extension start logger sends every level without span observation
    extension start an info threshold drops extension start debug lines before reading the clock
  and 4 more tests!


[Survived] CallExpression
src/index.ts:5411:3
-     ensureOpen(parent);
+     ;
Tests ran:
    createSession plus an explicit close runs the chain: graceful success, forced cancelled
    a session created under a session is wrapped
    a session felled by a forced parent close still settles next() as cancelled
  and 6 more tests!


[Survived] StringLiteral
src/index.ts:5419:60
-     const hooks: SessionHooks = { settle: settleNext, phase: "open", moved: false };
+     const hooks: SessionHooks = { settle: settleNext, phase: "", moved: false };
Tests ran:
    createSession plus an explicit close runs the chain: graceful success, forced cancelled
    a session created under a session is wrapped
    a session felled by a forced parent close still settles next() as cancelled
  and 6 more tests!


[Survived] BooleanLiteral
src/index.ts:5419:75
-     const hooks: SessionHooks = { settle: settleNext, phase: "open", moved: false };
+     const hooks: SessionHooks = { settle: settleNext, phase: "open", moved: true };
Tests ran:
    createSession plus an explicit close runs the chain: graceful success, forced cancelled
    a session created under a session is wrapped
    a session felled by a forced parent close still settles next() as cancelled
  and 6 more tests!


[Survived] CallExpression
src/index.ts:5425:3
-     ignoreRejection(outcome);
+     ;
Tests ran:
    createSession plus an explicit close runs the chain: graceful success, forced cancelled
    a session created under a session is wrapped
    a session felled by a forced parent close still settles next() as cancelled
  and 6 more tests!


[Survived] ConditionalExpression
src/index.ts:5429:42
-         closeLayer(child, !opts?.graceful, opts?.withData === true).then(() =>
+         closeLayer(child, !opts?.graceful, true).then(() =>
Tests ran:
    createSession plus an explicit close runs the chain: graceful success, forced cancelled
    a session created under a session is wrapped
    an idle session close aborts its resource and session hook closing signals
  and 2 more tests!


[Survived] ConditionalExpression
src/index.ts:5429:42
-         closeLayer(child, !opts?.graceful, opts?.withData === true).then(() =>
+         closeLayer(child, !opts?.graceful, false).then(() =>
Tests ran:
    createSession plus an explicit close runs the chain: graceful success, forced cancelled
    a session created under a session is wrapped
    an idle session close aborts its resource and session hook closing signals
  and 2 more tests!


[Survived] EqualityOperator
src/index.ts:5429:42
-         closeLayer(child, !opts?.graceful, opts?.withData === true).then(() =>
+         closeLayer(child, !opts?.graceful, opts?.withData !== true).then(() =>
Tests ran:
    createSession plus an explicit close runs the chain: graceful success, forced cancelled
    a session created under a session is wrapped
    an idle session close aborts its resource and session hook closing signals
  and 2 more tests!


[Survived] BooleanLiteral
src/index.ts:5429:61
-         closeLayer(child, !opts?.graceful, opts?.withData === true).then(() =>
+         closeLayer(child, !opts?.graceful, opts?.withData === false).then(() =>
Tests ran:
    createSession plus an explicit close runs the chain: graceful success, forced cancelled
    a session created under a session is wrapped
    an idle session close aborts its resource and session hook closing signals
  and 2 more tests!


[Survived] ObjectLiteral
src/index.ts:5446:44
-     for (const ext of exts) records.set(ext, { settled: false, value: undefined });
+     for (const ext of exts) records.set(ext, {});
Tests ran:
    presets and extensions take the same authored shape: nested lists and false are read flat
    ready waits for an async start
    a rejected start rejects ready and fails the scope
  and 148 more tests!


[Survived] MethodExpression
src/index.ts:5448:19
-     const closers = exts.filter((ext) => ext.hooks?.close !== undefined);
+     const closers = exts;
Tests ran:
    presets and extensions take the same authored shape: nested lists and false are read flat
    ready waits for an async start
    a rejected start rejects ready and fails the scope
  and 152 more tests!


[Survived] ConditionalExpression
src/index.ts:5448:40
-     const closers = exts.filter((ext) => ext.hooks?.close !== undefined);
+     const closers = exts.filter((ext) => true);
Tests ran:
    presets and extensions take the same authored shape: nested lists and false are read flat
    ready waits for an async start
    a rejected start rejects ready and fails the scope
  and 148 more tests!


[Survived] CallExpression
src/index.ts:5458:3
-     ignoreRejection(ready);
+     ;
Tests ran:
    presets and extensions take the same authored shape: nested lists and false are read flat
    ready waits for an async start
    a rejected start rejects ready and fails the scope
  and 152 more tests!


[Survived] ConditionalExpression
src/index.ts:5466:7
-     if (resolvers.length > 0) extended.resolve = resolveThrough(layer, resolvers);
+     if (true) extended.resolve = resolveThrough(layer, resolvers);
Tests ran:
    presets and extensions take the same authored shape: nested lists and false are read flat
    ready waits for an async start
    a rejected start rejects ready and fails the scope
  and 152 more tests!


[Survived] EqualityOperator
src/index.ts:5466:7
-     if (resolvers.length > 0) extended.resolve = resolveThrough(layer, resolvers);
+     if (resolvers.length >= 0) extended.resolve = resolveThrough(layer, resolvers);
Tests ran:
    presets and extensions take the same authored shape: nested lists and false are read flat
    ready waits for an async start
    a rejected start rejects ready and fails the scope
  and 152 more tests!


[Survived] ConditionalExpression
src/index.ts:5479:14
-       runners: runners.length > 0 ? runners : undefined,
+       runners: true ? runners : undefined,
Tests ran:
    presets and extensions take the same authored shape: nested lists and false are read flat
    ready waits for an async start
    a rejected start rejects ready and fails the scope
  and 152 more tests!


[Survived] EqualityOperator
src/index.ts:5479:14
-       runners: runners.length > 0 ? runners : undefined,
+       runners: runners.length >= 0 ? runners : undefined,
Tests ran:
    presets and extensions take the same authored shape: nested lists and false are read flat
    ready waits for an async start
    a rejected start rejects ready and fails the scope
  and 152 more tests!


[Survived] ConditionalExpression
src/index.ts:5480:14
-       writers: writers.length > 0 ? writers : undefined,
+       writers: true ? writers : undefined,
Tests ran:
    presets and extensions take the same authored shape: nested lists and false are read flat
    ready waits for an async start
    a rejected start rejects ready and fails the scope
  and 152 more tests!


[Survived] EqualityOperator
src/index.ts:5480:14
-       writers: writers.length > 0 ? writers : undefined,
+       writers: writers.length >= 0 ? writers : undefined,
Tests ran:
    presets and extensions take the same authored shape: nested lists and false are read flat
    ready waits for an async start
    a rejected start rejects ready and fails the scope
  and 152 more tests!


[Survived] ConditionalExpression
src/index.ts:5481:15
-       sessions: sessions.length > 0 ? sessions : undefined,
+       sessions: true ? sessions : undefined,
Tests ran:
    presets and extensions take the same authored shape: nested lists and false are read flat
    ready waits for an async start
    a rejected start rejects ready and fails the scope
  and 152 more tests!


[Survived] EqualityOperator
src/index.ts:5481:15
-       sessions: sessions.length > 0 ? sessions : undefined,
+       sessions: sessions.length >= 0 ? sessions : undefined,
Tests ran:
    presets and extensions take the same authored shape: nested lists and false are read flat
    ready waits for an async start
    a rejected start rejects ready and fails the scope
  and 152 more tests!


[Survived] StringLiteral
src/index.ts:5530:31
-               hookEvent({ kind: "close", scope, options, next }, layer, closer.label),
+               hookEvent({ kind: "", scope, options, next }, layer, closer.label),
Tests ran:
    a close hook wraps the structural close
    a close hook's first closing read is already aborted
    a parent's closing fires in its child before a close hook waits
  and 21 more tests!


[Survived] ConditionalExpression
src/index.ts:5556:13
-           if (lifetime.closing === undefined) return scope.close({ graceful: true });
+           if (true) return scope.close({ graceful: true });
Tests ran:
    a stop requested before ready waits for start (already aborted: false)
    a stop requested before ready waits for start (already aborted: true)
    a stop lets in-flight work finish without aborting its ctx signal
  and 3 more tests!


[Survived] ObjectLiteral
src/index.ts:5564:42
-     signal.addEventListener("abort", stop, { once: true });
+     signal.addEventListener("abort", stop, {});
Tests ran:
    closed settles when a session cleanup makes the first root close
    closed reports the start error after cleanup even when a stop was requested
    a stop requested before ready waits for start (already aborted: false)
  and 16 more tests!


[Survived] BooleanLiteral
src/index.ts:5564:50
-     signal.addEventListener("abort", stop, { once: true });
+     signal.addEventListener("abort", stop, { once: false });
Tests ran:
    closed settles when a session cleanup makes the first root close
    closed reports the start error after cleanup even when a stop was requested
    a stop requested before ready waits for start (already aborted: false)
  and 16 more tests!


[Survived] ConditionalExpression
src/index.ts:5583:11
-         if (isEdge(target)) return resolveEdge(layer, target, undefined, chain);
+         if (false) return resolveEdge(layer, target, undefined, chain);
Tests ran:
    a resolve hook also wraps tag and resource reads


[Survived] CallExpression
src/index.ts:5594:5
-       ensureOpen(layer);
+       ;
Tests ran:
    a resolve hook wraps a cell read: before, next, after
    a resolve hook that skips next short-circuits with a substitute
    two resolve hooks nest in registration order
  and 8 more tests!


[Survived] BooleanLiteral
src/index.ts:5622:74
-     const hooks: SessionHooks = { settle: undefined, phase: "open", moved: false };
+     const hooks: SessionHooks = { settle: undefined, phase: "open", moved: true };
Tests ran:
    two session hooks nest in registration order and both see success
    session(fn) reports the close Result: success, a failed run, a forced close
    a tagged call runs the session chain once
  and 21 more tests!


[Survived] BooleanLiteral
src/index.ts:5641:45
-         const ended = await closeLayer(child, true, false);
+         const ended = await closeLayer(child, false, false);
Tests ran:
    two session hooks nest in registration order and both see success
    session(fn) reports the close Result: success, a failed run, a forced close
    a tagged call runs the session chain once
  and 21 more tests!


[Survived] BooleanLiteral
src/index.ts:5641:51
-         const ended = await closeLayer(child, true, false);
+         const ended = await closeLayer(child, true, true);
Tests ran:
    two session hooks nest in registration order and both see success
    session(fn) reports the close Result: success, a failed run, a forced close
    a tagged call runs the session chain once
  and 21 more tests!


[Survived] BlockStatement
src/index.ts:5644:13
-     } finally {
-       freeAfterHooks(child, hooks);
-     }
+     } finally {}
Tests ran:
    two session hooks nest in registration order and both see success
    session(fn) reports the close Result: success, a failed run, a forced close
    a tagged call runs the session chain once
  and 21 more tests!


[Survived] CallExpression
src/index.ts:5645:5
-       freeAfterHooks(child, hooks);
+       ;
Tests ran:
    two session hooks nest in registration order and both see success
    session(fn) reports the close Result: success, a failed run, a forced close
    a tagged call runs the session chain once
  and 21 more tests!


[Survived] BooleanLiteral
src/index.ts:5707:7
-         false,
+         true,
Tests ran:
    close runs children first, then userland onClose hooks in LIFO order
    resolve() through a controller whose owner has closed fails with Disposed
    closing the parent while a session runs joins the body and rolls back on its failure
  and 104 more tests!


[Survived] CallExpression
src/index.ts:5804:3
-     ensureOpen(layer);
+     ;
Tests ran:
    a run hook wraps a declared operation call: before, next, after
    a run hook that skips next refuses the call and the body never runs
    two run hooks nest in registration order
  and 40 more tests!


[Survived] CallExpression
src/index.ts:5815:15
-     if (caller) track(layer, result, runFailure(layer, caller));
+     if (caller) ;
Tests ran:
    an already aborted call starts no body and leaves its caller alive
    a call signal stops a run hook before it can start the body
    a signalled run keeps hook access alive through graceful close


[Survived] ConditionalExpression
src/index.ts:5815:7
-     if (caller) track(layer, result, runFailure(layer, caller));
+     if (false) track(layer, result, runFailure(layer, caller));
Tests ran:
    a tagged call opens its child session under the run hook
    tagged events use the actual child and fire each hook once
    session hooks read the first write after next and run hooks fire once
  and 5 more tests!


[Survived] ConditionalExpression
src/index.ts:5815:7
-     if (caller) track(layer, result, runFailure(layer, caller));
+     if (true) track(layer, result, runFailure(layer, caller));
Tests ran:
    a tagged call opens its child session under the run hook
    tagged events use the actual child and fire each hook once
    session hooks read the first write after next and run hooks fire once
  and 5 more tests!


[Survived] ConditionalExpression
src/index.ts:5789:7
-     if (layer.presets !== undefined) layer.presets = undefined;
+     if (true) layer.presets = undefined;
Tests ran:
    a failed async build fails the call before the body runs and stays failed until release
    a closed scope's held controller still reads the initial value
    close runs children first, then userland onClose hooks in LIFO order
  and 373 more tests!


[Survived] ObjectLiteral
src/index.ts:5836:38
-     if (!run.active) raise("Disposed", { reason: "run is finished" });
+     if (!run.active) raise("Disposed", {});
Tests ran:
    a saved operation settle returns failed Disposed after its hook ends


[Survived] StringLiteral
src/index.ts:5836:48
-     if (!run.active) raise("Disposed", { reason: "run is finished" });
+     if (!run.active) raise("Disposed", { reason: "" });
Tests ran:
    a saved operation settle returns failed Disposed after its hook ends


[Survived] BlockStatement
src/index.ts:5788:44
-   function clearBindings(layer: Layer): void {
-     if (layer.presets !== undefined) layer.presets = undefined;
-     layer.tags = undefined;
-   }
+   function clearBindings(layer: Layer): void {}
Tests ran:
    a failed async build fails the call before the body runs and stays failed until release
    a closed scope's held controller still reads the initial value
    close runs children first, then userland onClose hooks in LIFO order
  and 373 more tests!


[Survived] ConditionalExpression
src/index.ts:5789:7
-     if (layer.presets !== undefined) layer.presets = undefined;
+     if (false) layer.presets = undefined;
Tests ran:
    a failed async build fails the call before the body runs and stays failed until release
    a closed scope's held controller still reads the initial value
    close runs children first, then userland onClose hooks in LIFO order
  and 373 more tests!


[Survived] ConditionalExpression
src/index.ts:5851:9
-       if (owner === layer) return !layer.aborted;
+       if (true) return !layer.aborted;
Tests ran:
    saved controllers stay usable through a waiting hook and its graceful cleanup


[Survived] EqualityOperator
src/index.ts:5789:7
-     if (layer.presets !== undefined) layer.presets = undefined;
+     if (layer.presets === undefined) layer.presets = undefined;
Tests ran:
    a failed async build fails the call before the body runs and stays failed until release
    a closed scope's held controller still reads the initial value
    close runs children first, then userland onClose hooks in LIFO order
  and 373 more tests!


[Survived] UpdateOperator
src/index.ts:5840:3
-     buildDepth++;
+     buildDepth--;
Tests ran:
    a run hook wraps a declared operation call: before, next, after
    a run hook that skips next refuses the call and the body never runs
    two run hooks nest in registration order
  and 39 more tests!


[Survived] BlockStatement
src/index.ts:5843:13
-     } finally {
-       buildDepth--;
-       activeHookOwner = previous;
-     }
+     } finally {}
Tests ran:
    a run hook wraps a declared operation call: before, next, after
    a run hook that skips next refuses the call and the body never runs
    two run hooks nest in registration order
  and 39 more tests!


[Survived] UpdateOperator
src/index.ts:5844:5
-       buildDepth--;
+       buildDepth++;
Tests ran:
    a run hook wraps a declared operation call: before, next, after
    a run hook that skips next refuses the call and the body never runs
    two run hooks nest in registration order
  and 39 more tests!


[Survived] CallExpression
src/index.ts:5882:5
-       failHookRun(run, error);
+       ;
Tests ran:
    a hook can settle a child failure without failing its owner
    a saved event raise keeps one run in the failure path after next
    a run hook that throws stops a subflow before its body


[Survived] StringLiteral
src/index.ts:5883:12
-       finish("failed", error);
+       finish("", error);
Tests ran:
    a hook can settle a child failure without failing its owner
    a saved event raise keeps one run in the failure path after next
    a run hook that throws stops a subflow before its body


[Survived] ObjectLiteral
src/index.ts:5900:5
-       { label: run.label, input: undefined },
+       {},
Tests ran:
    a hook resolve holds its resource through release and run cleanup
    a hook controller holds its resource through release and run cleanup
    tagged events use the actual child and fire each hook once
  and 6 more tests!


[Survived] ArrowFunction
src/index.ts:5891:25
-     track(layer, promise, (error) => failHookRun(run, error), finish);
+     track(layer, promise, () => undefined, finish);
Tests ran:
    graceful close joins a root run hook waiting before next
    graceful close joins a root run hook waiting after next
    forced close cancels a hook waiting before next without a late body
  and 10 more tests!


[Survived] StringLiteral
src/index.ts:5865:65
-     const span = openSpan(layer.obs, layer, parent, target.label, "operation");
+     const span = openSpan(layer.obs, layer, parent, target.label, "");
Tests ran:
    a run hook wraps a declared operation call: before, next, after
    a run hook that skips next refuses the call and the body never runs
    two run hooks nest in registration order
  and 39 more tests!


[Survived] StringLiteral
src/index.ts:5887:12
-       finish("ok");
+       finish("");
Tests ran:
    a run hook wraps a declared operation call: before, next, after
    a run hook that skips next refuses the call and the body never runs
    two run hooks nest in registration order
  and 25 more tests!


[Survived] ArrayDeclaration
src/index.ts:5950:23
-         (run.bodies ??= []).push(promise);
+         (run.bodies ??= ["Stryker was here"]).push(promise);
Tests ran:
    a dropped hook-started action keeps its failure on the owner
    a hook that returns a substitute still joins its started body
    an unreturned body keeps its span open and records its failure
  and 1 more test!


[Survived] ConditionalExpression
src/index.ts:5962:7
-     if (run.failure !== undefined && run.failure.error === error) return;
+     if (false) return;
Tests ran:
    forced close cancels a hook waiting before next without a late body
    forced close cancels a hook waiting after next without a late body
    a dropped hook-started action keeps its failure on the owner
  and 7 more tests!


[Survived] ConditionalExpression
src/index.ts:5947:20
-       const result = pending === undefined ? body() : settleDeps(deps, pending).then(body);
+       const result = true ? body() : settleDeps(deps, pending).then(body);
Tests ran:
    a run hook wraps a declared operation call: before, next, after
    two run hooks nest in registration order
    a run hook sees an inline config too
  and 34 more tests!


[Survived] ConditionalExpression
src/index.ts:5962:36
-     if (run.failure !== undefined && run.failure.error === error) return;
+     if (run.failure !== undefined && true) return;
Tests ran:
    a dropped hook-started action keeps its failure on the owner
    a hook can settle a child failure without failing its owner
    a run hook that throws stops a subflow before its body
  and 1 more test!


[Survived] EqualityOperator
src/index.ts:5962:36
-     if (run.failure !== undefined && run.failure.error === error) return;
+     if (run.failure !== undefined && run.failure.error !== error) return;
Tests ran:
    a dropped hook-started action keeps its failure on the owner
    a hook can settle a child failure without failing its owner
    a run hook that throws stops a subflow before its body
  and 1 more test!


[Survived] BooleanLiteral
src/index.ts:5964:75
-     stampOrigin(error, run.label, run.span, run.ctx, endsFlight(run.caller, false));
+     stampOrigin(error, run.label, run.span, run.ctx, endsFlight(run.caller, true));
Tests ran:
    forced close cancels a hook waiting before next without a late body
    forced close cancels a hook waiting after next without a late body
    a dropped hook-started action keeps its failure on the owner
  and 7 more tests!


[Survived] ConditionalExpression
src/index.ts:5965:7
-     if (run.caller !== RECOVERED) stick(run.owner, error);
+     if (true) stick(run.owner, error);
Tests ran:
    forced close cancels a hook waiting before next without a late body
    forced close cancels a hook waiting after next without a late body
    a dropped hook-started action keeps its failure on the owner
  and 7 more tests!


[Survived] ConditionalExpression
src/index.ts:5993:7
-     if (tail) drainAsync(tail, done);
+     if (false) drainAsync(tail, done);
Tests ran:
    a run hook wraps a declared operation call: before, next, after
    a run hook that skips next refuses the call and the body never runs
    two run hooks nest in registration order
  and 39 more tests!


[Survived] ArrayDeclaration
src/index.ts:5998:36
-     const list: ResourceInstance[] = [];
+     const list: ResourceInstance[] = ["Stryker was here"];
Tests ran:
    a resource dep is built before the body runs, whether or not the body reads it
    an async resource dep is delivered as its value: the body reads it without awaiting
    a run over a still-building async dep waits for the build, then runs with the value
  and 61 more tests!


[Survived] OptionalChaining
src/index.ts:754:3
-     (n as { [cell]?: true } | null | undefined)?.[cell] === true;
+     (n as {
+     [cell]?: true;
+   } | null | undefined)[cell] === true;
Ran all tests for this mutant.

[Survived] OptionalChaining
src/index.ts:756:3
-     (n as { [operationSym]?: true } | null | undefined)?.[operationSym] === true;
+     (n as {
+     [operationSym]?: true;
+   } | null | undefined)[operationSym] === true;
Ran all tests for this mutant.

[Survived] OptionalChaining
src/index.ts:758:3
-     (n as { [resourceSym]?: true } | null | undefined)?.[resourceSym] === true;
+     (n as {
+     [resourceSym]?: true;
+   } | null | undefined)[resourceSym] === true;
Ran all tests for this mutant.

[Survived] LogicalOperator
src/index.ts:766:3
-     !!v &&
-     (typeof v === "object" || typeof v === "function") &&
+     !!v || typeof v === "object" || typeof v === "function" &&
Ran all tests for this mutant.

[Survived] ArrayDeclaration
src/index.ts:807:50
-   const NO_ITEMS: readonly never[] = Object.freeze([]);
+   const NO_ITEMS: readonly never[] = Object.freeze(["Stryker was here"]);
Ran all tests for this mutant.

[Survived] ConditionalExpression
src/index.ts:841:7
-     if (isNothing(input)) return NO_ITEMS;
+     if (false) return NO_ITEMS;
Ran all tests for this mutant.

[Survived] StringLiteral
src/index.ts:887:22
-       required: edgeTo("required", handle),
+       required: edgeTo("", handle),
Ran all tests for this mutant.

[Survived] ConditionalExpression
src/index.ts:949:10
-     return (target as BorrowFlag)[borrowSym] === true;
+     return true;
Ran all tests for this mutant.

[Survived] ConditionalExpression
src/index.ts:956:9
-       if (isResource(dep)) return true;
+       if (true) return true;
Ran all tests for this mutant.

[Survived] BooleanLiteral
src/index.ts:958:10
-     return false;
+     return true;
Ran all tests for this mutant.

[Survived] ConditionalExpression
src/index.ts:973:5
-       config.factory.length >= 2 ||
-       Object.values(depends).some(
-         (dep) => isResource(dep) && (dep as HookFlag)[mayHookSym] !== false,
-       );
+       true;
Ran all tests for this mutant.

[Survived] MethodExpression
src/index.ts:974:5
-       Object.values(depends).some(
-         (dep) => isResource(dep) && (dep as HookFlag)[mayHookSym] !== false,
-       );
+       Object.values(depends).every(dep => isResource(dep) && (dep as HookFlag)[mayHookSym] !== false);
Ran all tests for this mutant.

[Survived] ObjectLiteral
src/index.ts:1144:28
-   const NO_EXTS: ExtRoutes = { runners: undefined, writers: undefined, sessions: undefined };
+   const NO_EXTS: ExtRoutes = {};
Ran all tests for this mutant.

[Survived] ArrowFunction
src/index.ts:1754:10
-     child: (_name, fn) => fn(undefined),
+     child: () => undefined,
Ran all tests for this mutant.

[Survived] ConditionalExpression
src/index.ts:2330:7
-     if (!target.input) return undefined as I;
+     if (false) return undefined as I;
Ran all tests for this mutant.

[Survived] BooleanLiteral
src/index.ts:2678:51
-       runOnce(layer, target, parent, chain, caller, false, sees, call);
+       runOnce(layer, target, parent, chain, caller, true, sees, call);
Ran all tests for this mutant.

[Survived] ConditionalExpression
src/index.ts:2736:9
-       if (span) closeSpan(obs, span, "ok");
+       if (true) closeSpan(obs, span, "ok");
Ran all tests for this mutant.

[Survived] StringLiteral
src/index.ts:2737:33
-       finishRun(layer, ctx, held, "ok");
+       finishRun(layer, ctx, held, "");
Ran all tests for this mutant.

[Survived] ArrayDeclaration
src/index.ts:3128:43
-   const readyToFinish: ResourceInstance[] = [];
+   const readyToFinish: ResourceInstance[] = ["Stryker was here"];
Ran all tests for this mutant.

[Survived] ConditionalExpression
src/index.ts:3715:7
-     if ((target as BorrowFlag)[borrowSym] !== true) return undefined;
+     if (false) return undefined;
Ran all tests for this mutant.

[Survived] ConditionalExpression
src/index.ts:3788:7
-     if (options?.ns === NO_NAMESPACE) return NO_NAMESPACE;
+     if (false) return NO_NAMESPACE;
Ran all tests for this mutant.

[Survived] ObjectLiteral
src/index.ts:4057:60
-   const ENDED_CLEAN: Promise<Scope.Result> = Promise.resolve({
-     status: "success",
-     teardownErrors: undefined,
-   });
+   const ENDED_CLEAN: Promise<Scope.Result> = Promise.resolve({});
Ran all tests for this mutant.

[Survived] StringLiteral
src/index.ts:4058:11
-     status: "success",
+     status: "",
Ran all tests for this mutant.

[Survived] ConditionalExpression
src/index.ts:4547:7
-     if (exts.length === 0 && options?.signal === undefined) return plain;
+     if (false) return plain;
Ran all tests for this mutant.

[Survived] CallExpression
src/testing.ts:46:9
-           waiters.delete(w);
+           ;
Tests ran:
    a test-clock sleep resolves only once virtual time is advanced past it
    due test-clock sleeps wake earliest-first
    a test-clock sleep set into the past wakes at once


[Survived] CallExpression
src/testing.ts:62:13
-               waiters.delete(w);
+               ;
Tests ran:
    aborting a pending test-clock sleep rejects with the signal's reason
    a forced close aborts an in-flight inline sleep: defer sees cancelled, close settles cancelled
    settle reports cancellation when a forced close aborts its operation
  and 3 more tests!


[Survived] StringLiteral
src/testing.ts:66:40
-               signal.removeEventListener("abort", onAbort);
+               signal.removeEventListener("", onAbort);
Tests ran:
    a test-clock sleep resolves only once virtual time is advanced past it


[Survived] ObjectLiteral
src/testing.ts:69:53
-             signal.addEventListener("abort", onAbort, { once: true });
+             signal.addEventListener("abort", onAbort, {});
Tests ran:
    a test-clock sleep resolves only once virtual time is advanced past it
    aborting a pending test-clock sleep rejects with the signal's reason
    a forced close aborts an in-flight inline sleep: defer sees cancelled, close settles cancelled
  and 4 more tests!


[Survived] BooleanLiteral
src/testing.ts:69:61
-             signal.addEventListener("abort", onAbort, { once: true });
+             signal.addEventListener("abort", onAbort, { once: false });
Tests ran:
    a test-clock sleep resolves only once virtual time is advanced past it
    aborting a pending test-clock sleep rejects with the signal's reason
    a forced close aborts an in-flight inline sleep: defer sees cancelled, close settles cancelled
  and 4 more tests!


[Survived] ArithmeticOperator
src/testing.ts:88:14
-       state = (state + 0x6d2b79f5) >>> 0;
+       state = (state - 0x6d2b79f5) >>> 0;
Tests ran:
    reading ids later leaves the seeded random stream and ids unchanged
    observation leaves seeded and custom user randomness unchanged
    user random reads do not change seeded trace and child span ids
  and 7 more tests!


[Survived] ArithmeticOperator
src/testing.ts:90:10
-       t = (t + Math.imul(t ^ (t >>> 7), 61 | t)) ^ t;
+       t = (t - Math.imul(t ^ t >>> 7, 61 | t)) ^ t;
Tests ran:
    reading ids later leaves the seeded random stream and ids unchanged
    observation leaves seeded and custom user randomness unchanged
    user random reads do not change seeded trace and child span ids
  and 7 more tests!


[Survived] ConditionalExpression
src/testing.ts:97:11
-         if (i === 6) byte = (byte & 0x0f) | 0x40;
+         if (true) byte = (byte & 0x0f) | 0x40;
Tests ran:
    observation leaves seeded and custom user randomness unchanged
    user random reads do not change seeded trace and child span ids
    observation off leaves the ambient random stream untouched
  and 2 more tests!


[Survived] LogicalOperator
src/testing.ts:105:28
-     const traceState = { a: (options?.seed ?? 0) | 0, b: 362436069, c: 521288629, d: 88675123 };
+     const traceState = { a: (options?.seed && 0) | 0, b: 362436069, c: 521288629, d: 88675123 };
Tests ran:
    a seeded random replays trace and span ids
    reading ids later leaves the seeded random stream and ids unchanged
    observation leaves seeded and custom user randomness unchanged
  and 9 more tests!


[Survived] ConditionalExpression
src/testing.ts:106:19
-     for (let n = 0; n < 8; n++) nextTraceWord(traceState);
+     for (let n = 0; false; n++) nextTraceWord(traceState);
Tests ran:
    a seeded random replays trace and span ids
    reading ids later leaves the seeded random stream and ids unchanged
    observation leaves seeded and custom user randomness unchanged
  and 9 more tests!


[Survived] EqualityOperator
src/testing.ts:106:19
-     for (let n = 0; n < 8; n++) nextTraceWord(traceState);
+     for (let n = 0; n <= 8; n++) nextTraceWord(traceState);
Tests ran:
    a seeded random replays trace and span ids
    reading ids later leaves the seeded random stream and ids unchanged
    observation leaves seeded and custom user randomness unchanged
  and 9 more tests!


[Survived] EqualityOperator
src/testing.ts:106:19
-     for (let n = 0; n < 8; n++) nextTraceWord(traceState);
+     for (let n = 0; n >= 8; n++) nextTraceWord(traceState);
Tests ran:
    a seeded random replays trace and span ids
    reading ids later leaves the seeded random stream and ids unchanged
    observation leaves seeded and custom user randomness unchanged
  and 9 more tests!


[Survived] CallExpression
src/testing.ts:106:31
-     for (let n = 0; n < 8; n++) nextTraceWord(traceState);
+     for (let n = 0; n < 8; n++) ;
Tests ran:
    a seeded random replays trace and span ids
    reading ids later leaves the seeded random stream and ids unchanged
    observation leaves seeded and custom user randomness unchanged
  and 9 more tests!


Ran 28.21 tests per mutant on average.
-----------------|------------------|----------|-----------|------------|----------|----------|
                 | % Mutation score |          |           |            |          |          |
File             |  total | covered | # killed | # timeout | # survived | # no cov | # errors |
-----------------|--------|---------|----------|-----------|------------|----------|----------|
All files        |  85.88 |   86.40 |     2970 |        29 |        472 |       21 |        3 |
 errors.ts       |  90.82 |   90.82 |       87 |         2 |          9 |        0 |        0 |
 index.ts        |  85.68 |   86.23 |     2794 |        25 |        450 |       21 |        3 |
 testing.ts      |  87.38 |   87.38 |       88 |         2 |         13 |        0 |        0 |
 trace-random.ts | 100.00 |  100.00 |        1 |         0 |          0 |        0 |        0 |
-----------------|--------|---------|----------|-----------|------------|----------|----------|
[32m04:27:31 (2148314) INFO MutationTestReportHelper[39m Final mutation score of 85.88 is greater than or equal to break threshold 85
[32m04:27:31 (2148314) INFO JsonReporter[39m Your report can be found at: file:///home/paseo/next/tinkered-close-hook/packages/core/reports/mutation/mutation.json
[32m04:27:31 (2148314) INFO MutationTestExecutor[39m Done in 17 minutes and 20 seconds.


EXIT 0
